alimento,calorias,proteinas,gordura,colesterol,carboidratos,fibras,calcio,magnesio,fosforo,ferro,sodio,potassio,cobre,zinco,grupoAlimentar
"Arroz, integral, cozido",124,"2,6","1,0",,"25,8","2,7",5,59,106,"0,3",1,75,"0,02","0,7",Cereais e derivados
"Arroz, integral, cru",360,"7,3","1,9",,"77,5","4,8",8,110,251,"0,9",2,173,"0,07","1,4",Cereais e derivados
"Arroz, tipo 1, cozido",128,"2,5","0,2",,"28,1","1,6",4,2,18,"0,1",1,15,"0,02","0,5",Cereais e derivados
"Arroz, tipo 1, cru",358,"7,2","0,3",,"78,8","1,6",4,30,104,"0,7",1,62,"0,11","1,2",Cereais e derivados
"Arroz, tipo 2, cozido",130,"2,6","0,4",,"28,2","1,1",3,6,22,"0,1",2,20,"0,04","0,5",Cereais e derivados
"Arroz, tipo 2, cru",358,"7,2","0,3",,"78,9","1,7",5,29,82,"0,6",1,57,"0,05","1,3",Cereais e derivados
"Aveia, flocos, crua",394,"13,9","8,5",,"66,6","9,1",48,119,153,"4,4",5,336,"0,44","2,6",Cereais e derivados
"Biscoito, doce, maise",443,"8,1","12,0",,"75,2","2,1",54,37,166,"1,8",352,142,"0,17","1,0",Cereais e derivados
"Biscoito, doce, recheado com chocolate",472,"6,4","19,6",,"70,5","3,0",27,48,139,"2,3",239,232,"0,27","1,0",Cereais e derivados
"Biscoito, doce, recheado com morango",471,"5,7","19,6",,"71,0","1,5",36,27,138,"1,5",230,113,"0,13","0,7",Cereais e derivados
"Biscoito, doce, wafer, recheado de chocolate",502,"5,6","24,7",,"67,5","1,8",23,48,124,"2,4",137,240,"0,26","0,9",Cereais e derivados
"Biscoito, doce, wafer, recheado de morango",513,"4,5","26,4",1,"67,4","0,8",14,19,73,"1,1",120,75,"0,08","0,5",Cereais e derivados
"Biscoito, salgado, cream cracker",432,"10,1","14,4",,"68,7","2,5",20,40,148,"2,2",854,181,"0,18","1,1",Cereais e derivados
"Bolo, mistura para",419,"6,2","6,1",,"84,7","1,7",59,28,333,"1,2",463,75,"0,15","0,6",Cereais e derivados
"Bolo, pronto, aipim",324,"4,4","12,7",73,"47,9","0,7",85,10,122,"0,5",111,135,"0,05","0,4",Cereais e derivados
"Bolo, pronto, chocolate",410,"6,2","18,5",77,"54,7","1,4",75,28,197,"2,1",283,212,"0,05","0,7",Cereais e derivados
"Bolo, pronto, coco",333,"5,7","11,3",63,"52,3","1,1",57,16,303,"0,8",190,143,"0,09","0,7",Cereais e derivados
"Bolo, pronto, milho",311,"4,8","12,4",82,"45,1","0,7",83,10,128,"0,7",134,118,"0,04","0,4",Cereais e derivados
"Canjica, branca, crua",358,"7,2","1,0",,"78,1","5,5",2,12,48,"0,3",1,93,"0,05","0,4",Cereais e derivados
"Canjica, com leite integral",112,"2,4","1,2",1,"23,6","1,2",43,6,41,"0,1",28,70,"0,03","0,3",Cereais e derivados
"Cereais, milho, flocos, com sal",370,"7,3","1,6",,"80,8","5,3",2,20,91,"0,5",272,69,,"0,6",Cereais e derivados
"Cereais, milho, flocos, sem sal",363,"6,9","1,2",,"80,4","1,8",2,17,58,"1,7",31,29,"0,24","0,3",Cereais e derivados
"Cereais, mingau, milho, infantil",394,"6,4","1,1",,"87,3","3,2",219,16,169,"3,0",399,82,"0,04","0,4",Cereais e derivados
"Cereais, mistura para vitami, igo, cevada e aveia",381,"8,9","2,1",,"81,6","5,0",584,72,515,"12,6",1163,244,"0,21","2,0",Cereais e derivados
"Cereal matil, milho",365,"7,2","1,0",,"83,8","4,1",143,11,101,"3,1",655,83,"0,06","7,6",Cereais e derivados
"Cereal matil, milho, açúcar",377,"4,7","0,7",,"88,8","2,1",56,8,43,"3,9",405,52,"0,04","8,5",Cereais e derivados
"Creme de arroz, pó",386,"7,0","1,2",,"83,9","1,1",7,51,153,"0,6",1,115,"0,04","1,9",Cereais e derivados
"Creme de milho, pó",333,"4,8","1,6",,"86,1","3,7",323,30,303,"4,3",594,166,"0,04","0,8",Cereais e derivados
"Curau, milho verde",78,"2,4","1,6",5,"13,9","0,5",53,16,75,"0,4",21,162,"0,03","0,4",Cereais e derivados
"Curau, milho verde, mistura para",402,"2,2","13,4",,"79,8","2,5",31,9,45,"0,9",223,55,"0,03","0,2",Cereais e derivados
"Farinha, de arroz, enriquecida",363,"1,3","0,3",,"85,5","0,6",1,4,36,"31,4",17,13,,"8,5",Cereais e derivados
"Farinha, de centeio, integral",336,"12,5","1,8",,"73,3","15,5",34,120,340,"4,7",41,334,"0,56","2,7",Cereais e derivados
"Farinha, de milho, amarela",351,"7,2","1,5",,"79,1","5,5",1,31,84,"2,3",45,58,"0,27","0,6",Cereais e derivados
"Farinha, de rosca",371,"11,4","1,5",,"75,8","4,8",35,57,195,"6,7",333,212,"0,26","1,7",Cereais e derivados
"Farinha, de igo",360,"9,8","1,4",,"75,1","2,3",18,31,115,"1,0",1,151,"0,15","0,8",Cereais e derivados
"Farinha, láctea, de cereais",415,"11,9","5,8",11,"77,8","1,9",196,58,296,"8,7",125,366,"0,19","1,7",Cereais e derivados
"Lasanha, massa fresca, cozida",164,"5,8","1,2",,"32,5","1,6",10,4,42,"1,2",207,54,"0,07","0,4",Cereais e derivados
"Lasanha, massa fresca, crua",220,"7,0","1,3",,"45,1","1,6",17,13,82,"1,9",667,137,"0,10","0,8",Cereais e derivados
"Macarrão, instantâneo",436,"8,8","17,2",,"62,4","5,6",18,19,112,"0,8",1516,148,"0,10","0,5",Cereais e derivados
"Macarrão, igo, cru",371,"10,0","1,3",,"77,9","2,9",17,28,100,"0,9",7,147,"0,15","0,8",Cereais e derivados
"Macarrão, igo, cru, com ovos",371,"10,3","2,0",18,"76,6","2,3",19,,118,"0,9",15,134,"0,14","0,8",Cereais e derivados
"Milho, amido, cru",361,"0,6",,,"87,1","0,7",1,3,13,"0,1",8,9,"0,02","0,1",Cereais e derivados
"Milho, fubá, cru",353,"7,2","1,9",,"78,9","4,7",3,41,108,"0,9",,168,"0,08","1,1",Cereais e derivados
"Milho, verde, cru",138,"6,6","0,6",,"28,6","3,9",2,33,113,"0,4",1,185,"0,05","0,5",Cereais e derivados
"Milho, verde, enlatado, dredo",98,"3,2","2,4",,"17,1","4,6",2,20,61,"0,6",260,162,"0,05","0,5",Cereais e derivados
"Mingau adiciol, pó",373,"0,6","0,4",,"89,3","0,9",522,4,273,"42,0",15,,,"15,2",Cereais e derivados
"Pamonha, barra para cozimento, pré-cozida",171,"2,6","4,8",,"30,7","2,4",4,15,55,"0,4",132,125,"0,03","0,4",Cereais e derivados
"Pão, aveia, forma",343,"12,4","5,7",,"59,6","6,0",109,57,182,"4,7",606,210,"0,14","1,7",Cereais e derivados
"Pão, de soja",309,"11,3","3,6",,"56,5","5,7",90,48,153,"3,3",663,296,"0,16","1,5",Cereais e derivados
"Pão, glúten, forma",253,"12,0","2,7",,"44,1","2,5",156,24,105,"5,7",22,65,"0,06","1,3",Cereais e derivados
"Pão, milho, forma",292,"8,3","3,1",6,"56,4","4,3",78,29,110,"3,0",507,89,"0,10","0,8",Cereais e derivados
"Pão, igo, forma, integral",253,"9,4","3,7",,"49,9","6,9",132,60,193,"3,0",506,163,"0,15","1,6",Cereais e derivados
"Pão, igo, francês",300,"8,0","3,1",,"58,6","2,3",16,25,95,"1,0",648,142,"0,13","0,8",Cereais e derivados
"Pão, igo, sovado",311,"8,4","2,8",17,"61,5","2,4",52,22,101,"2,3",431,91,,"2,7",Cereais e derivados
"Pastel, de carne, cru",289,"10,7","8,8",18,"42,0","1,0",17,18,117,"2,0",1309,166,"0,11","1,7",Cereais e derivados
"Pastel, de carne, frito",388,"10,1","20,1",25,"43,8","1,0",13,14,90,"2,5",1040,156,"0,12","1,2",Cereais e derivados
"Pastel, de queijo, cru",308,"9,9","9,6",14,"45,9","1,1",155,16,168,"1,0",985,103,"0,10","1,0",Cereais e derivados
"Pastel, de queijo, frito",422,"8,7","22,7",15,"48,1","0,9",126,15,124,"1,3",821,124,"0,10","0,8",Cereais e derivados
"Pastel, massa, crua",310,"6,9","5,5",,"57,4","1,4",13,14,73,"1,1",1344,167,"0,11","0,6",Cereais e derivados
"Pastel, massa, frita",570,"6,0","40,9",,"49,3","1,3",11,13,62,"1,4",1175,143,"0,08","0,5",Cereais e derivados
"Pipoca, com óleo de soja, sem sal",448,"9,9","15,9",,"70,3","14,3",3,91,225,"1,2",4,256,"0,46","2,0",Cereais e derivados
"Polenta, pré-cozida",103,"2,3","0,3",,"23,3","2,4",1,4,17,,442,100,"0,04","0,1",Cereais e derivados
"Torrada, pão francês",377,"10,5","3,3",,"74,6","3,4",19,32,114,"1,2",829,189,"0,16","0,9",Cereais e derivados
"Abóbora, cabotian, cozida",48,"1,4","0,7",,"10,8","2,5",8,9,33,"0,3",1,199,"0,06","0,3","Verduras, hortaliças e derivados"
"Abóbora, cabotian, crua",39,"1,7","0,5",,"8,4","2,2",18,9,26,"0,4",,351,"0,06","0,3","Verduras, hortaliças e derivados"
"Abóbora, meni brasileira, crua",14,"0,6",,,"3,3","1,2",9,4,12,"0,2",,165,"0,02",,"Verduras, hortaliças e derivados"
"Abóbora, moranga, crua",12,"1,0","0,1",,"2,7","1,7",3,2,8,,,125,"0,05","0,1","Verduras, hortaliças e derivados"
"Abóbora, moranga, refogada",29,"0,4","0,8",,"6,0","1,5",19,7,12,"0,1",3,183,"0,04","0,1","Verduras, hortaliças e derivados"
"Abóbora, pescoço, crua",24,"0,7","0,1",,"6,1","2,3",9,7,32,"0,3",1,264,"0,09","0,2","Verduras, hortaliças e derivados"
"Abobrinha, italia, cozida",15,"1,1","0,2",,"3,0","1,6",17,17,22,"0,2",1,126,"0,01","0,3","Verduras, hortaliças e derivados"
"Abobrinha, italia, crua",19,"1,1","0,1",,"4,3","1,4",15,20,32,"0,2",,253,"0,05","0,2","Verduras, hortaliças e derivados"
"Abobrinha, italia, refogada",24,"1,1","0,8",,"4,2","1,4",21,13,32,"0,4",2,194,"0,02","0,3","Verduras, hortaliças e derivados"
"Abobrinha, paulista, crua",31,"0,6","0,1",,"7,9","2,6",19,9,33,"0,2",1,213,"0,10","0,2","Verduras, hortaliças e derivados"
"Acelga, crua",21,"1,4","0,1",,"4,6","1,1",43,10,40,"0,3",1,240,"0,10","0,3","Verduras, hortaliças e derivados"
"Agrião, cru",17,"2,7","0,2",,"2,3","2,1",133,18,51,"3,1",7,218,"0,10","0,7","Verduras, hortaliças e derivados"
"Aipo, cru",19,"0,8","0,1",,"4,3","1,0",65,9,28,"0,7",10,274,"0,31","0,1","Verduras, hortaliças e derivados"
"Alface, america, crua",9,"0,6","0,1",,"1,7","1,0",14,6,19,"0,3",7,136,"0,02","0,2","Verduras, hortaliças e derivados"
"Alface, crespa, crua",11,"1,3","0,2",,"1,7","1,8",38,11,26,"0,4",3,267,"0,03","0,3","Verduras, hortaliças e derivados"
"Alface, lisa, crua",14,"1,7","0,1",,"2,4","2,3",28,9,26,"0,6",4,349,"0,03","0,3","Verduras, hortaliças e derivados"
"Alface, roxa, crua",13,"0,9","0,2",,"2,5","2,0",34,9,51,"2,5",7,308,"0,04","0,2","Verduras, hortaliças e derivados"
"Alfavaca, crua",29,"2,7","0,5",,"5,2","4,1",258,84,50,"1,3",5,261,"0,15","0,7","Verduras, hortaliças e derivados"
"Alho, cru",113,"7,0","0,2",,"23,9","4,3",14,21,149,"0,8",5,535,"0,15","0,8","Verduras, hortaliças e derivados"
"Alho-poró, cru",32,"1,4","0,1",,"6,9","2,5",34,11,36,"0,6",2,224,"0,29","0,2","Verduras, hortaliças e derivados"
"Almeirão, cru",18,"1,8","0,2",,"3,3","2,6",19,21,40,"0,7",2,369,"0,10","0,3","Verduras, hortaliças e derivados"
"Almeirão, refogado",65,"1,7","4,8",,"5,7","3,4",63,17,31,"1,6",15,315,"0,06","0,2","Verduras, hortaliças e derivados"
"Batata, baroa, cozida",80,"0,9","0,2",,"18,9","1,8",12,8,29,"0,4",2,258,"0,15","0,4","Verduras, hortaliças e derivados"
"Batata, baroa, crua",101,"1,0","0,2",,"24,0","2,1",17,12,45,"0,3",,505,"0,05","0,2","Verduras, hortaliças e derivados"
"Batata, doce, cozida",77,"0,6","0,1",,"18,4","2,2",17,11,15,"0,2",3,148,"0,06","0,1","Verduras, hortaliças e derivados"
"Batata, doce, crua",118,"1,3","0,1",,"28,2","2,6",21,17,36,"0,4",9,340,"0,11","0,2","Verduras, hortaliças e derivados"
"Batata, frita, tipo chips, indusializada",543,"5,6","36,6",,"51,2","2,5",12,24,96,"0,7",607,1014,"0,12","0,6","Verduras, hortaliças e derivados"
"Batata, inglesa, cozida",52,"1,2",,,"11,9","1,3",4,5,24,"0,2",2,161,"0,06","0,2","Verduras, hortaliças e derivados"
"Batata, inglesa, crua",64,"1,8",,,"14,7","1,2",4,15,39,"0,4",,302,"0,09","0,2","Verduras, hortaliças e derivados"
"Batata, inglesa, frita",267,"5,0","13,1",,"35,6","8,1",6,14,70,"0,4",2,489,"0,10","0,4","Verduras, hortaliças e derivados"
"Batata, inglesa, sauté",68,"1,3","0,9",,"14,1","1,4",4,6,32,"0,3",8,199,"0,05","0,2","Verduras, hortaliças e derivados"
"Berinjela, cozida",19,"0,7","0,1",,"4,5","2,5",11,9,15,"0,2",1,105,"0,04","0,1","Verduras, hortaliças e derivados"
"Berinjela, crua",20,"1,2","0,1",,"4,4","2,9",9,13,20,"0,2",,205,"0,06","0,1","Verduras, hortaliças e derivados"
"Beterraba, cozida",32,"1,3","0,1",,"7,2","1,9",15,17,30,"0,2",23,245,"0,04","0,4","Verduras, hortaliças e derivados"
"Beterraba, crua",49,"1,9","0,1",,"11,1","3,4",18,24,19,"0,3",10,375,"0,08","0,5","Verduras, hortaliças e derivados"
"Biscoito, polvilho doce",438,"1,3","12,2",9,"80,5","1,2",30,6,23,"1,8",98,54,"0,04","0,1","Verduras, hortaliças e derivados"
"Brócolis, cozido",25,"2,1","0,5",,"4,4","3,4",51,15,33,"0,5",2,119,"0,08","0,2","Verduras, hortaliças e derivados"
"Brócolis, cru",25,"3,6","0,3",,"4,0","2,9",86,30,78,"0,6",3,322,"0,06","0,5","Verduras, hortaliças e derivados"
"Cará, cozido",78,"1,5","0,1",,"18,9","2,6",5,15,28,"0,3",1,203,"0,11","0,2","Verduras, hortaliças e derivados"
"Cará, cru",96,"2,3","0,1",,"23,0","7,3",4,11,35,"0,2",,212,"0,06","0,2","Verduras, hortaliças e derivados"
"Caruru, cru",34,"3,2","0,6",,"6,0","4,5",455,197,77,"4,5",14,279,"0,37","6,0","Verduras, hortaliças e derivados"
"Catalonha, crua",24,"1,9","0,3",,"4,8","2,0",57,17,32,"3,1",9,412,"0,27","0,5","Verduras, hortaliças e derivados"
"Catalonha, refogada",63,"2,0","4,8",,"4,8","3,7",63,16,35,"1,2",25,452,"0,18","0,4","Verduras, hortaliças e derivados"
"Cebola, crua",39,"1,7","0,1",,"8,9","2,2",14,12,38,"0,2",1,176,"0,05","0,2","Verduras, hortaliças e derivados"
"Cebolinha, crua",20,"1,9","0,4",,"3,4","3,6",80,25,27,"0,6",2,206,"0,04","0,3","Verduras, hortaliças e derivados"
"Cenoura, cozida",30,"0,8","0,2",,"6,7","2,6",26,14,27,"0,1",8,176,"0,02","0,2","Verduras, hortaliças e derivados"
"Cenoura, crua",34,"1,3","0,2",,"7,7","3,2",23,11,28,"0,2",3,315,"0,05","0,2","Verduras, hortaliças e derivados"
"Chicória, crua",14,"1,1","0,1",,"2,9","2,2",45,14,13,"0,5",14,425,"0,04","0,1","Verduras, hortaliças e derivados"
"Chuchu, cozido",19,"0,4",,,"4,8","1,0",8,7,13,"0,1",2,54,,"0,1","Verduras, hortaliças e derivados"
"Chuchu, cru",17,"0,7","0,1",,"4,1","1,3",12,7,18,"0,2",,126,"0,03","0,1","Verduras, hortaliças e derivados"
"Coeno, folhas desidratadas",309,"20,9","10,4",,"48,0","37,3",784,393,388,"81,4",18,3223,"4,09","4,7","Verduras, hortaliças e derivados"
"Couve, manteiga, crua",27,"2,9","0,5",,"4,3","3,1",131,35,49,"0,5",6,403,"0,06","0,4","Verduras, hortaliças e derivados"
"Couve, manteiga, refogada ",90,"1,7","6,6",,"8,7","5,7",177,26,33,"0,5",11,315,"0,02","0,2","Verduras, hortaliças e derivados"
"Couve-flor, crua",23,"1,9","0,2",,"4,5","2,4",18,12,57,"0,5",3,256,"0,03","0,3","Verduras, hortaliças e derivados"
"Couve-flor, cozida",19,"1,2","0,3",,"3,9","2,1",16,5,25,"0,1",2,80,,"0,3","Verduras, hortaliças e derivados"
"Espifre, Nova Zelândia, cru",16,"2,0","0,2",,"2,6","2,1",98,82,25,"0,4",17,336,"0,06","0,3","Verduras, hortaliças e derivados"
"Espifre, Nova Zelândia, refogado",67,"2,7","5,4",,"4,2","2,5",112,123,34,"0,6",47,149,"0,04","0,6","Verduras, hortaliças e derivados"
"Farinha, de mandioca, crua",361,"1,6","0,3",,"87,9","6,4",65,37,42,"1,1",1,340,"0,08","0,4","Verduras, hortaliças e derivados"
"Farinha, de mandioca, torrada",365,"1,2","0,3",,"89,2","6,5",76,40,39,"1,2",10,328,,"0,4","Verduras, hortaliças e derivados"
"Farinha, de puba",360,"1,6","0,5",,"87,3","4,2",41,27,33,"1,4",4,338,"0,07","0,3","Verduras, hortaliças e derivados"
"Fécula, de mandioca",331,"0,5","0,3",,"81,1","0,6",12,3,60,"0,1",2,48,,,"Verduras, hortaliças e derivados"
"Feijão, broto, cru",39,"4,2","0,1",,"7,8","2,0",14,25,75,"0,8",2,189,"0,17","0,6","Verduras, hortaliças e derivados"
"Inhame, cru",97,"2,1","0,2",,"23,2","1,7",12,29,65,"0,4",,568,"0,17","0,3","Verduras, hortaliças e derivados"
"Jiló, cru",27,"1,4","0,2",,"6,2","4,8",20,21,29,"0,3",,213,"0,07","0,1","Verduras, hortaliças e derivados"
"Jurubeba, crua",126,"4,4","3,9",,"23,1","23,9",151,65,155,"0,9",1,619,"1,16","0,6","Verduras, hortaliças e derivados"
"Mandioca, cozida",125,"0,6","0,3",,"30,1","1,6",19,27,22,"0,1",1,100,"0,01","0,2","Verduras, hortaliças e derivados"
"Mandioca, crua",151,"1,1","0,3",,"36,2","1,9",15,44,29,"0,3",2,208,"0,07","0,2","Verduras, hortaliças e derivados"
"Mandioca, farofa, temperada",406,"2,1","9,1",,"80,3","7,8",66,34,45,"1,4",575,201,,"0,2","Verduras, hortaliças e derivados"
"Mandioca, frita",300,"1,4","11,2",,"50,3","1,9",23,95,57,"0,3",9,176,"0,12","0,4","Verduras, hortaliças e derivados"
"Manjericão, cru",21,"2,0","0,4",,"3,6","3,3",211,58,40,"1,0",4,252,"0,16","0,5","Verduras, hortaliças e derivados"
"Maxixe, cru",14,"1,4","0,1",,"2,7","2,2",21,10,25,"0,4",11,328,"0,02","0,2","Verduras, hortaliças e derivados"
"Mostarda, folha, crua",18,"2,1","0,2",,"3,2","1,9",68,16,58,"1,1",3,364,"0,05","0,3","Verduras, hortaliças e derivados"
"Nhoque, batata, cozido",181,"5,9","1,9",15,"36,8","1,8",11,18,68,"1,6",7,164,"0,10","0,5","Verduras, hortaliças e derivados"
"bo, cru",18,"1,2","0,1",,"4,1","2,6",42,15,17,"0,2",2,280,"0,02","0,2","Verduras, hortaliças e derivados"
"Palmito, juçara, em conserva",23,"1,8","0,4",,"4,3","3,2",58,34,40,"0,3",514,244,"0,23","0,7","Verduras, hortaliças e derivados"
"Palmito, pupunha, em conserva",29,"2,5","0,5",,"5,5","2,6",32,25,55,"0,2",563,206,"0,08","0,4","Verduras, hortaliças e derivados"
"Pão, de queijo, assado",363,"5,1","24,6",68,"34,2","0,6",102,8,94,"0,3",773,93,"0,01","0,6","Verduras, hortaliças e derivados"
"Pão, de queijo, cru",295,"3,6","14,0",63,"38,5","1,0",88,7,79,"0,3",405,58,,"0,4","Verduras, hortaliças e derivados"
"Pepino, cru",10,"0,9",,,"2,0","1,1",10,9,12,"0,1",,154,"0,04","0,1","Verduras, hortaliças e derivados"
"Pimentão, amarelo, cru",28,"1,2","0,4",,"6,0","1,9",10,11,22,"0,4",,221,"0,04","0,2","Verduras, hortaliças e derivados"
"Pimentão, verde, cru",21,"1,1","0,2",,"4,9","2,6",9,8,17,"0,4",,174,"0,07","0,1","Verduras, hortaliças e derivados"
"Pimentão, vermelho, cru",23,"1,0","0,1",,"5,5","1,6",6,11,20,"0,3",,211,"0,04","0,2","Verduras, hortaliças e derivados"
"Polvilho, doce",351,"0,4",,,"86,8","0,2",27,4,8,"0,5",2,38,,,"Verduras, hortaliças e derivados"
"Quiabo, cru",30,"1,9","0,3",,"6,4","4,6",112,50,56,"0,4",1,249,"0,17","0,6","Verduras, hortaliças e derivados"
"Rabanete, cru",14,"1,4","0,1",,"2,7","2,2",21,10,25,"0,4",11,328,"0,02","0,2","Verduras, hortaliças e derivados"
"Repolho, branco, cru",17,"0,9","0,1",,"3,9","1,9",35,9,14,"0,2",4,150,"0,02","0,2","Verduras, hortaliças e derivados"
"Repolho, roxo, cru",31,"1,9","0,1",,"7,2","2,0",44,18,58,"0,5",2,328,"0,90","0,3","Verduras, hortaliças e derivados"
"Repolho, roxo, refogado",42,"1,8","1,2",,"7,6","1,8",43,17,59,"0,5",3,321,"0,02","0,3","Verduras, hortaliças e derivados"
"Rúcula, crua",13,"1,8","0,1",,"2,2","1,7",117,18,25,"0,9",9,233,"0,04","0,2","Verduras, hortaliças e derivados"
"Salsa, crua",33,"3,3","0,6",,"5,7","1,9",179,21,49,"3,2",2,711,"0,20","1,3","Verduras, hortaliças e derivados"
"Seleta de legumes, enlatada",57,"3,4","0,4",,"12,7","3,1",16,16,49,"1,1",398,122,"0,08","0,5","Verduras, hortaliças e derivados"
"Serralha, crua",30,"2,7","0,7",,"4,9","3,5",126,30,48,"1,3",19,265,"0,20","1,3","Verduras, hortaliças e derivados"
"Taioba, crua",34,"2,9","0,9",,"5,4","4,5",141,38,53,"1,9",1,290,"0,16","0,6","Verduras, hortaliças e derivados"
"Tomate, com semente, cru",15,"1,1","0,2",,"3,1","1,2",7,11,20,"0,2",1,222,"0,04","0,1","Verduras, hortaliças e derivados"
"Tomate, exato",61,"2,4","0,2",,"15,0","2,8",29,29,47,"2,1",498,680,"0,20","0,4","Verduras, hortaliças e derivados"
"Tomate, molho indusializado",38,"1,4","0,9",,"7,7","3,1",12,17,27,"1,6",418,388,"0,08","0,1","Verduras, hortaliças e derivados"
"Tomate, purê",28,"1,4",,,"6,9","1,0",13,15,30,"1,3",104,308,"0,09","0,3","Verduras, hortaliças e derivados"
"Tomate, salada",21,"0,8",,,"5,1","2,3",7,10,23,"0,3",5,161,"0,07","0,2","Verduras, hortaliças e derivados"
"Vagem, crua",25,"1,8","0,2",,"5,3","2,4",41,18,28,"0,4",,208,"0,06","0,3","Verduras, hortaliças e derivados"
"Abacate, cru",96,"1,2","8,4",,"6,0","6,3",8,15,22,"0,2",,206,"0,15","0,2",Frutas e derivados
"Abacaxi, cru",48,"0,9","0,1",,"12,3","1,0",22,18,13,"0,3",,131,"0,11","0,1",Frutas e derivados
"Abacaxi, polpa, congelada",31,"0,5","0,1",,"7,8","0,3",14,10,8,"0,4",1,107,"0,04","0,1",Frutas e derivados
"Abiu, cru",62,"0,8","0,7",,"14,9","1,7",6,9,20,"0,2",,128,"0,09","0,1",Frutas e derivados
"Açaí, polpa, com xarope de guaraná e glucose",110,"0,7","3,7",,"21,5","1,7",22,13,11,"0,3",15,75,"0,14","0,2",Frutas e derivados
"Açaí, polpa, congelada",58,"0,8","3,9",,"6,2","2,6",35,17,16,"0,4",5,124,"0,18","0,3",Frutas e derivados
"Acerola, crua",33,"0,9","0,2",,"8,0","1,5",13,13,9,"0,2",,165,"0,07","0,1",Frutas e derivados
"Acerola, polpa, congelada",22,"0,6",,,"5,5","0,7",8,9,13,"0,2",1,112,"0,04","0,1",Frutas e derivados
"Ameixa, calda, enlatada ",183,"0,4",,,"46,9","0,5",13,10,21,"2,2",3,221,"0,03","0,1",Frutas e derivados
"Ameixa, crua",53,"0,8",,,"13,9","2,4",6,5,14,"0,1",,134,"0,06","0,1",Frutas e derivados
"Ameixa, em calda, enlatada, dreda ",177,"1,0","0,3",,"47,7","4,5",39,14,26,"2,7",3,263,"0,16","0,2",Frutas e derivados
"Atemóia, crua",97,"1,0","0,3",,"25,3","2,1",23,25,23,"0,2",1,300,"0,17","0,2",Frutas e derivados
"Ba, da terra, crua",128,"1,4","0,2",,"33,7","1,5",4,24,26,"0,3",,328,"0,05","0,2",Frutas e derivados
"Ba, doce em barra",280,"2,2","0,1",,"75,7","3,8",12,49,37,"0,6",10,518,"0,16","0,3",Frutas e derivados
"Ba, figo, crua",105,"1,1","0,1",,"27,8","2,8",6,30,16,"0,2",,387,"0,06","0,1",Frutas e derivados
"Ba, maçã, crua",87,"1,8","0,1",,"22,3","2,6",3,24,29,"0,2",,264,"0,11","0,1",Frutas e derivados
"Ba, nica, crua",92,"1,4","0,1",,"23,8","1,9",3,28,27,"0,3",,376,"0,10","0,2",Frutas e derivados
"Ba, ouro, crua",112,"1,5","0,2",,"29,3","2,0",3,28,22,"0,3",,355,"0,08","0,3",Frutas e derivados
"Ba, pacova, crua",78,"1,2","0,1",,"20,3","2,0",5,30,20,"0,4",1,267,"0,06","0,1",Frutas e derivados
"Ba, prata, crua",98,"1,3","0,1",,"26,0","2,0",8,26,22,"0,4",,358,"0,05","0,1",Frutas e derivados
"Cacau, cru",74,"1,0","0,1",,"19,4","2,2",12,25,9,"0,3",1,72,"0,15","0,6",Frutas e derivados
"Cajá-Manga, cru",46,"1,3",,,"11,4","2,6",13,11,24,"0,2",1,119,"0,02","0,2",Frutas e derivados
"Cajá, polpa, congelada",26,"0,6","0,2",,"6,4","1,4",9,7,26,"0,3",7,148,"0,10","0,1",Frutas e derivados
"Caju, cru",43,"1,0","0,3",,"10,3","1,7",1,10,16,"0,2",3,124,"0,07","0,1",Frutas e derivados
"Caju, polpa, congelada",37,"0,5","0,2",,"9,4","0,8",1,7,10,"0,1",4,88,"0,07","0,1",Frutas e derivados
"Caju, suco concenado, envasado",45,"0,4","0,2",,"10,7","0,6",1,8,11,"0,1",45,107,"0,04","0,1",Frutas e derivados
"Caqui, chocolate, cru",71,"0,4","0,1",,"19,3","6,5",18,9,18,"0,1",2,164,,"0,2",Frutas e derivados
"Carambola, crua",46,"0,9","0,2",,"11,5","2,0",5,7,11,"0,2",4,133,"0,08","0,2",Frutas e derivados
"Ciriguela, crua",76,"1,4","0,4",,"18,9","3,9",27,18,49,"0,4",2,248,"0,12","0,5",Frutas e derivados
"Cupuaçu, cru",49,"1,2","1,0",,"10,4","3,1",13,18,21,"0,5",3,331,"0,07","0,3",Frutas e derivados
"Cupuaçu, polpa, congelada",49,"0,8","0,6",,"11,4","1,6",5,14,14,"0,3",1,291,"0,14","0,2",Frutas e derivados
"Figo, cru",41,"1,0","0,2",,"10,2","1,8",27,11,15,"0,2",,174,"0,13","0,1",Frutas e derivados
"Figo, enlatado, em calda",184,"0,6","0,2",,"50,3","2,0",33,7,6,"0,5",7,39,"0,25","0,1",Frutas e derivados
"Fruta-pão, crua",67,"1,1","0,2",,"17,2","5,5",34,24,27,"0,2",1,188,"0,07","0,1",Frutas e derivados
"Goiaba, branca, com casca, crua",52,"0,9","0,5",,"12,4","6,3",5,7,16,"0,2",,220,"0,04","0,2",Frutas e derivados
"Goiaba, doce em pasta",269,"0,6","0,0",,"74,1","3,7",10,6,54,"0,4",4,165,"0,06","0,1",Frutas e derivados
"Goiaba, doce, cascão",286,"0,4","0,1",,"78,7","4,4",15,10,28,"0,4",11,251,"0,08","0,1",Frutas e derivados
"Goiaba, vermelha, com casca, crua",54,"1,1","0,4",,"13,0","6,2",4,7,15,"0,2",,198,"0,04","0,1",Frutas e derivados
"Graviola, crua",62,"0,8","0,2",,"15,8","1,9",40,23,19,"0,2",4,250,"0,04","0,1",Frutas e derivados
"Graviola, polpa, congelada",38,"0,6","0,1",,"9,8","1,2",6,10,17,"0,1",3,170,"0,06","0,1",Frutas e derivados
"Jabuticaba, crua",58,"0,6","0,1",,"15,3","2,3",8,18,15,"0,1",,130,"0,07","0,3",Frutas e derivados
"Jaca, crua",88,"1,4","0,3",,"22,5","2,4",11,40,14,"0,4",2,234,"0,09","0,2",Frutas e derivados
"Jambo, cru",27,"0,9","0,1",,"6,5","5,1",14,14,18,"0,1",22,135,"0,02","0,1",Frutas e derivados
"Jamelão, cru",41,"0,5","0,1",,"10,6","1,8",3,2,4,"0,0",1,394,"0,03","0,0",Frutas e derivados
"Kiwi, cru",51,"1,3","0,6",,"11,5","2,7",24,11,33,"0,3",,269,"0,15","0,1",Frutas e derivados
"Laranja, baía, crua",45,"1,0","0,1",,"11,5","1,1",35,9,24,"0,1",,174,"0,04","0,1",Frutas e derivados
"Laranja, baía, suco",37,"0,7",,,"8,7",,6,8,22,"0,1",,173,"0,02",,Frutas e derivados
"Laranja, da terra, crua",51,"1,1","0,2",,"12,9","4,0",51,14,20,"0,1",1,173,"0,04","0,2",Frutas e derivados
"Laranja, da terra, suco",41,"0,7","0,1",,"9,6","1,0",13,10,15,"0,1",,145,"0,02","0,1",Frutas e derivados
"Laranja, lima, crua",46,"1,1","0,1",,"11,5","1,8",31,10,15,"0,1",1,130,"0,03","0,1",Frutas e derivados
"Laranja, lima, suco",39,"0,7","0,1",,"9,2","0,4",8,11,16,,,129,"0,02","0,0",Frutas e derivados
"Laranja, pêra, crua",37,"1,0","0,1",,"8,9","0,8",22,9,23,"0,1",,163,"0,03","0,1",Frutas e derivados
"Laranja, pêra, suco",33,"0,7","0,1",,"7,6",,7,8,14,,,149,"0,01",,Frutas e derivados
"Laranja, valência, crua",46,"0,8","0,2",,"11,7","1,7",34,14,20,"0,1",1,158,"0,04","0,1",Frutas e derivados
"Laranja, valência, suco",36,"0,5","0,1",,"8,6","0,4",9,10,17,,,143,"0,02",,Frutas e derivados
"Limão, cravo, suco",14,"0,3",,,"5,2",,10,9,11,"0,1",,120,"0,03",,Frutas e derivados
"Limão, galego, suco",22,"0,6","0,1",,"7,3",,5,6,13,"0,1",,113,"0,02","0,1",Frutas e derivados
"Limão, tahiti, cru",32,"0,9","0,1",,"11,1","1,2",51,10,24,"0,2",1,128,"0,06","0,2",Frutas e derivados
"Maçã, Argenti, com casca, crua",63,"0,2","0,2",,"16,6","2,0",3,5,11,"0,1",1,117,"0,03",,Frutas e derivados
"Maçã, Fuji, com casca, crua",56,"0,3",,,"15,2","1,3",2,2,9,"0,1",,75,"0,06",,Frutas e derivados
"Macaúba, crua",404,"2,1","40,7",,"13,9","13,4",67,66,44,"0,8",1,306,"0,35","0,7",Frutas e derivados
" Mamão, doce em calda, dredo",196,"0,2","0,1",,"54,0","1,3",20,6,4,"0,1",3,68,"0,02","0,1",Frutas e derivados
"Mamão, Formosa, cru",45,"0,8","0,1",,"11,6","1,8",25,17,11,"0,2",3,222,"1,36","0,1",Frutas e derivados
"Mamão, Papaia, cru",40,"0,5","0,1",,"10,4","1,0",22,22,11,"0,2",2,126,"0,02","0,1",Frutas e derivados
" Mamão verde, doce em calda, dredo",209,"0,3","0,1",,"57,6","1,2",12,5,3,"0,2",5,9,"0,02","0,0",Frutas e derivados
"Manga, Haden, crua",64,"0,4","0,3",,"16,7","1,6",12,8,9,"0,1",1,148,"0,10","0,1",Frutas e derivados
"Manga, Palmer, crua",72,"0,4","0,2",,"19,4","1,6",12,9,14,"0,1",2,157,"0,09","0,1",Frutas e derivados
"Manga, polpa, congelada",48,"0,4","0,2",,"12,5","1,1",7,9,9,"0,1",7,131,"0,06","0,1",Frutas e derivados
"Manga, Tommy Atkins, crua",51,"0,9","0,2",,"12,8","2,1",8,7,14,"0,1",,138,"0,06","0,1",Frutas e derivados
"Maracujá, cru",68,"2,0","2,1",,"12,3","1,1",5,28,51,"0,6",2,338,"0,19","0,4",Frutas e derivados
"Maracujá, polpa, congelada",39,"0,8","0,2",,"9,6","0,5",5,10,15,"0,3",8,228,"0,05","0,2",Frutas e derivados
"Maracujá, suco concenado, envasado",42,"0,8","0,2",,"9,6","0,4",4,4,14,"0,3",22,201,"0,05","0,1",Frutas e derivados
"Melancia, crua",33,"0,9",,,"8,1","0,1",8,10,12,"0,2",,104,"0,04","0,1",Frutas e derivados
"Melão, cru",29,"0,7",,,"7,5","0,3",3,6,10,"0,2",11,216,"0,04","0,1",Frutas e derivados
"Mexerica, Murcote, crua",58,"0,9","0,1",,"14,9","3,1",33,12,19,"0,1",1,159,"0,06","0,1",Frutas e derivados
"Mexerica, Rio, crua",37,"0,7","0,1",,"9,3","2,7",17,8,14,"0,1",2,125,"0,07","0,2",Frutas e derivados
"Morango, cru",30,"0,9","0,3",,"6,8","1,7",11,10,22,"0,3",,184,"0,06","0,2",Frutas e derivados
"Nêspera, crua",43,"0,3",,,"11,5","3,0",20,10,10,"0,1",,113,"0,12","0,1",Frutas e derivados
"Pequi, cru",205,"2,3","18,0",,"13,0","19,0",32,30,34,"0,3",,298,"0,21","1,0",Frutas e derivados
"Pêra, Park, crua",61,"0,2","0,2",,"16,1","3,0",9,6,12,"0,3",1,102,"0,08","0,1",Frutas e derivados
"Pêra, Williams, crua",53,"0,6","0,1",,"14,0","3,0",8,6,12,"0,1",,116,"0,07","0,1",Frutas e derivados
"Pêssego, Aurora, cru",36,"0,8",,,"9,3","1,4",3,4,15,"0,2",,124,"0,02","0,1",Frutas e derivados
"Pêssego, enlatado, em calda",63,"0,7",,,"16,9","1,0",4,4,9,"0,6",3,95,"0,04","0,1",Frutas e derivados
"Pinha, crua",88,"1,5","0,3",,"22,4","3,4",21,31,34,"0,2",1,283,"0,11","0,2",Frutas e derivados
"Pitanga, crua",41,"0,9","0,2",,"10,2","3,2",18,12,13,"0,4",2,113,"0,08","0,4",Frutas e derivados
"Pitanga, polpa, congelada",19,"0,3","0,1",,"4,8","0,7",8,6,12,"0,4",5,87,"0,06","0,1",Frutas e derivados
"Romã, crua",56,"0,4",,,"15,1","0,4",5,13,40,"0,3",1,485,"0,19","0,7",Frutas e derivados
"Tamarindo, cru",276,"3,2","0,5",,"72,5","6,4",37,59,55,"0,6",0,723,"0,29","0,7",Frutas e derivados
"Tangeri, Poncã, crua",38,"0,8","0,1",,"9,6","0,9",13,8,12,"0,1",,131,"0,03",,Frutas e derivados
"Tangeri, Poncã, suco",36,"0,5",,,"8,8",,4,6,9,,,119,"0,02",,Frutas e derivados
"Tucumã, cru",262,"2,1","19,1",,"26,5","12,7",46,121,53,"0,6",4,401,"0,39","0,9",Frutas e derivados
"Umbu, cru",37,"0,8",,,"9,4","2,0",12,11,13,"0,1",,152,"0,04","0,4",Frutas e derivados
"Umbu, polpa, congelada",34,"0,5","0,1",,"8,8","1,3",11,8,13,"0,2",6,154,"0,04","0,1",Frutas e derivados
"Uva, Itália, crua",53,"0,7","0,2",,"13,6","0,9",7,5,12,"0,1",,162,"0,11",,Frutas e derivados
"Uva, Rubi, crua",49,"0,6","0,2",,"12,7","0,9",8,6,23,"0,2",8,159,"0,05",,Frutas e derivados
"Uva, suco concenado, envasado",58,,,,"14,7","0,2",9,7,10,"0,1",10,54,"0,13","0,1",Frutas e derivados
"Azeite, de dendê",884,,"100,0",,,,,,,,,,,,Gorduras e óleos
"Azeite, de oliva, exa virgem",884,,"100,0",,,,,,,,,,,,Gorduras e óleos
"Manteiga, com sal",726,"0,4","82,4",201,"0,1",,9,1,28,"0,2",579,15,,,Gorduras e óleos
"Manteiga, sem sal",758,"0,4","86,0",214,"0,0",,4,1,7,,4,5,"0,04",,Gorduras e óleos
"Margari, com óleo hidrogedo, com sal (65% de lipídeos)",596,,"67,4",,"0,0",,6,1,7,"0,1",894,21,,,Gorduras e óleos
"Margari, com óleo hidrogedo, sem sal (80% de lipídeos)",723,,"81,7",,"0,0",,3,1,4,"0,1",78,2,,,Gorduras e óleos
"Margari, com óleo interesterificado, com sal (65%de lipídeos)",594,,"67,2",,"0,0",,5,1,6,,561,15,,,Gorduras e óleos
"Margari, com óleo interesterificado, sem sal (65% de lipídeos)",593,,"67,1",,"0,0",,5,1,7,"0,1",33,5,,,Gorduras e óleos
"Óleo, de babaçu",884,,"100,0",,,,,,,,,,,,Gorduras e óleos
"Óleo, de canola",884,,"100,0",,,,,,,,,,,,Gorduras e óleos
"Óleo, de girassol",884,,"100,0",,,,,,,,,,,,Gorduras e óleos
"Óleo, de milho",884,,"100,0",,,,,,,,,,,,Gorduras e óleos
"Óleo, de pequi",884,,"100,0",,,,,,,,,,,,Gorduras e óleos
"Óleo, de soja",884,,"100,0",,,,,,,,,,,,Gorduras e óleos
"Abadejo, filé, congelado, assado",112,"23,5","1,2",103,"0,0",,23,20,338,"0,5",334,156,"0,03","0,5",Pescados e frutos do mar
"Abadejo, filé, congelado,cozido",91,"19,3","0,9",87,"0,0",,17,16,351,"0,3",189,146,"0,03","0,4",Pescados e frutos do mar
"Abadejo, filé, congelado, cru",59,"13,1","0,4",31,"0,0",,10,14,91,"0,1",79,148,"0,14","0,4",Pescados e frutos do mar
"Abadejo, filé, congelado, grelhado",130,"27,6","1,3",136,"0,0",,20,22,581,"0,3",305,279,,"0,4",Pescados e frutos do mar
"Atum, conserva em óleo",166,"26,2","6,0",53,"0,0",,7,29,211,"1,2",362,280,"0,04","0,6",Pescados e frutos do mar
"Atum, fresco, cru",118,"25,7","0,9",48,"0,0",,7,32,254,"1,3",30,308,"0,09","0,4",Pescados e frutos do mar
"Bacalhau, salgado, cru",136,"29,0","1,3",139,"0,0",,157,49,186,"0,9",13585,434,"0,09","0,7",Pescados e frutos do mar
"Bacalhau, salgado, refogado",140,"24,0","3,6",112,"1,2",*,59,15,51,"0,2",1256,50,"0,04","0,6",Pescados e frutos do mar
"Cação, posta, com farinha de igo, frita",208,"25,0","10,0",75,"3,1","0,5",30,26,462,"1,0",160,420,,"0,6",Pescados e frutos do mar
"Cação, posta, cozida",116,"25,6","0,7",83,"0,0",,10,21,204,"0,3",115,249,"0,03","0,6",Pescados e frutos do mar
"Cação, posta, crua",83,"17,9","0,8",36,"0,0",,9,19,181,"0,2",176,299,"0,13","0,3",Pescados e frutos do mar
"Camarão, Rio Grande, grande, cozido",90,"19,0","1,0",241,"0,0",,90,19,266,"1,3",367,102,"0,17","1,2",Pescados e frutos do mar
"Camarão, Rio Grande, grande, cru",47,"10,0","0,5",124,"0,0",,51,27,234,"0,7",201,72,"0,11","0,7",Pescados e frutos do mar
"Camarão, Sete Barbas, sem cabeça, com casca, frito",231,"18,4","15,6",283,"2,9",,960,74,337,"2,4",99,107,"0,19","1,1",Pescados e frutos do mar
"Caranguejo, cozido",83,"18,5","0,4",85,"0,0",,357,52,154,"2,9",360,186,"0,72","5,7",Pescados e frutos do mar
"Corimba, cru",128,"17,4","6,0",40,"0,0",,40,23,190,"0,5",47,317,"0,03","0,4",Pescados e frutos do mar
"Corimbatá, assado",261,"19,9","19,6",80,"0,0",,22,24,221,"1,0",40,326,"0,03","0,7",Pescados e frutos do mar
"Corimbatá, cozido",239,"20,1","16,9",75,"0,0",,65,23,185,"0,6",37,254,"0,05","1,0",Pescados e frutos do mar
"Corvi de água doce, crua",101,"18,9","2,2",73,"0,0",,39,25,154,"0,3",45,293,"0,02","0,4",Pescados e frutos do mar
"Corvi do mar, crua",94,"18,6","1,6",67,"0,0",,*,24,183,"0,4",68,339,"0,03","0,4",Pescados e frutos do mar
"Corvi grande, assada",147,"26,8","3,6",117,"0,0",,60,24,176,"0,5",85,291,"0,02","0,7",Pescados e frutos do mar
"Corvi grande, cozida",100,"23,4","2,6",123,"0,0",,69,22,164,"0,6",68,194,"0,03","0,7",Pescados e frutos do mar
"Dourada de água doce, fresca",131,"18,8","5,6",52,"0,0",,12,26,189,"0,2",40,393,"0,02","0,5",Pescados e frutos do mar
"Lambari, congelado, cru",131,"16,8","6,5",159,"0,0",,1181,45,696,"0,9",48,244,"0,09","3,3",Pescados e frutos do mar
"Lambari, congelado, frito",327,"28,4","22,8",246,"0,0",,1881,66,1067,"0,8",65,331,"0,31","5,6",Pescados e frutos do mar
"Lambari, fresco, cru",152,"15,7","9,4",144,"0,0",,590,32,441,"0,6",41,207,"0,05","2,4",Pescados e frutos do mar
"Manjuba, com farinha de igo, frita",344,"23,5","22,6",282,"10,2","0,4",763,47,578,"3,0",37,319,"0,15","3,8",Pescados e frutos do mar
"Manjuba, frita",349,"30,1","24,5",270,"0,0",,575,32,735,"0,9",41,318,"0,14","3,2",Pescados e frutos do mar
"Merluza, filé, assado",122,"26,6","0,9",91,"0,0",,36,20,273,"0,4",120,364,"0,03","0,9",Pescados e frutos do mar
"Merluza, filé, cru",89,"16,6","2,0",57,"0,0",,20,27,185,"0,2",80,340,,"0,3",Pescados e frutos do mar
"Merluza, filé, frito",192,"26,9","8,5",109,"0,0",,36,38,279,"0,4",90,447,"0,03","0,6",Pescados e frutos do mar
"Pescada, branca, crua",111,"16,3","4,6",51,"0,0",,16,19,136,"0,2",76,261,,"0,3",Pescados e frutos do mar
"Pescada, branca, frita",223,"27,4","11,8",165,"0,0",,378,30,504,"0,5",107,355,"0,08","1,1",Pescados e frutos do mar
"Pescada, filé, com farinha de igo, frito",283,"21,4","19,1",73,"5,0",,26,28,216,"0,9",91,216,"0,03","0,4",Pescados e frutos do mar
"Pescada, filé, cru",107,"16,7","4,0",65,"0,0",,14,23,141,"0,2",77,253,,"0,3",Pescados e frutos do mar
"Pescada, filé, frito",154,"28,6","3,6",81,"0,0",,10,21,204,"0,3",115,249,"0,03","0,6",Pescados e frutos do mar
"Pescada, filé, molho escabeche",142,"11,8","8,0",43,"5,0","0,8",20,18,105,"1,5",51,208,"0,36","0,3",Pescados e frutos do mar
"Pescadinha, crua",76,"15,5","1,1",84,"0,0",,332,34,327,"0,5",120,304,"0,10","0,6",Pescados e frutos do mar
"Pintado, assado",192,"36,5","4,0",126,"0,0",,114,42,332,"0,8",81,527,"0,04","2,1",Pescados e frutos do mar
"Pintado, cru",91,"18,6","1,3",50,"0,0",,12,24,174,"0,2",43,294,"0,03","0,4",Pescados e frutos do mar
"Pintado, grelhado",152,"30,8","2,3",99,"0,0",,69,27,237,"0,5",53,360,"0,04","0,8",Pescados e frutos do mar
"Porquinho, cru",93,"20,5","0,6",49,"0,0",,26,24,207,"0,4",67,313,"0,04","0,7",Pescados e frutos do mar
"Salmão, filé, com pele, fresco,  grelhado",229,"23,9","14,0",85,"0,0",,29,28,300,"0,5",85,384,"0,04","0,6",Pescados e frutos do mar
"Salmão, sem pele, fresco, cru",170,"19,3","9,7",53,"0,0",,9,27,259,"0,2",64,376,"0,02","0,3",Pescados e frutos do mar
"Salmão, sem pele, fresco, grelhado",243,"26,1","14,5",73,"0,0",,15,38,352,"0,4",96,518,"0,04","0,5",Pescados e frutos do mar
"Sardinha, assada",164,"32,2","3,0",109,"0,0",,438,51,578,"1,3",74,574,"0,14","1,8",Pescados e frutos do mar
"Sardinha, conserva em óleo",285,"15,9","24,0",73,"0,0",,550,35,496,"3,5",666,367,"0,03","1,6",Pescados e frutos do mar
"Sardinha, frita",257,"33,4","12,7",103,"0,0",,482,39,629,"1,1",60,460,"0,14","1,6",Pescados e frutos do mar
"Sardinha, inteira, crua",114,"21,1","2,7",61,"0,0",,167,29,294,"1,3",60,312,"0,13","1,3",Pescados e frutos do mar
"Tucuré, filé, congelado, cru",88,"18,0","1,2",47,"0,0",,19,26,168,"0,3",57,288,"0,10","0,4",Pescados e frutos do mar
Apresuntado,129,"13,5","6,7",38,"2,9",,23,15,225,"0,9",943,270,"0,03","1,6",Carnes e derivados
"Caldo de carne, tablete",241,"7,8","16,6",,"15,1","0,6",129,22,123,,22180,218,,,Carnes e derivados
"Caldo de galinha, tablete",251,"6,3","20,4",2,"10,6","11,8",16,13,48,"0,7",22300,68,,"0,3",Carnes e derivados
"Carne, bovi, acém, moído, cozido",212,"26,7","10,9",103,"0,0",,4,17,164,"2,7",52,256,"0,06","8,1",Carnes e derivados
"Carne, bovi, acém, moído, cru",137,"19,4","5,9",58,"0,0",,3,14,158,"1,8",49,237,"0,08","6,3",Carnes e derivados
"Carne, bovi, acém, sem gordura, cozido",215,"27,3","10,9",107,"0,0",,7,14,164,"2,4",56,254,"0,07","8,0",Carnes e derivados
"Carne, bovi, acém, sem gordura, cru",144,"20,8","6,1",53,"0,0",,5,13,144,"1,5",50,234,"0,04","5,2",Carnes e derivados
"Carne, bovi, almôndegas, cruas",189,"12,3","11,2",34,"9,8",*,22,24,145,"1,6",621,328,"0,15","2,3",Carnes e derivados
"Carne, bovi, almôndegas, fritas",272,"18,2","15,8",36,"14,3",*,27,48,244,"1,9",1030,536,"0,19","2,6",Carnes e derivados
"Carne, bovi, bucho, cozido",133,"21,6","4,5",245,"0,0",,13,7,63,"0,6",38,70,"0,05","2,5",Carnes e derivados
"Carne, bovi, bucho, cru",137,"20,5","5,5",145,"0,0",,9,6,61,"0,5",45,85,"0,06","2,1",Carnes e derivados
"Carne, bovi, capa de cona-filé, com gordura, crua",217,"19,2","15,0",63,"0,0",,6,17,144,"1,5",58,267,"0,06","3,5",Carnes e derivados
"Carne, bovi, capa de cona-filé, com gordura, grelhada",312,"30,7","20,0",120,"0,0",,7,18,214,"2,6",81,323,"0,13","6,2",Carnes e derivados
"Carne, bovi, capa de cona-filé, sem gordura, crua",131,"21,5","4,3",58,"0,0",,6,20,178,"2,0",79,325,"0,06","4,6",Carnes e derivados
"Carne, bovi, capa de cona-filé, sem gordura, grelhada",239,"35,1","10,0",80,"0,0",,9,26,287,"2,8",83,385,"0,12","7,6",Carnes e derivados
"Carne, bovi, charque, cozido",263,"36,4","11,9",113,"0,0",,15,13,101,"3,5",1443,90,"0,07","6,1",Carnes e derivados
"Carne, bovi, charque, cru",249,"22,7","16,8",81,"0,0",,15,13,122,"1,5",5875,236,"0,03","3,9",Carnes e derivados
"Carne, bovi, cona-filé, à milanesa",352,"20,6","24,0",99,"12,2","0,4",15,27,203,"2,9",77,271,"0,10","2,9",Carnes e derivados
"Carne, bovi, cona-filé de costela, cru",202,"19,8","13,1",52,"0,0",,3,14,164,"1,6",39,245,"0,04","4,4",Carnes e derivados
"Carne, bovi, cona-filé de costela, grelhado",275,"29,9","16,3",98,"0,0",,4,24,252,"2,8",51,383,"0,08","6,7",Carnes e derivados
"Carne, bovi, cona-filé, com gordura, cru",206,"21,2","12,8",73,"0,0",,4,18,164,"1,3",44,285,"0,04","2,8",Carnes e derivados
"Carne, bovi, cona-filé, com gordura, grelhado",278,"32,4","15,5",144,"0,0",,4,19,219,"2,4",57,352,"0,09","4,8",Carnes e derivados
"Carne, bovi, cona-filé, sem gordura, cru",157,"24,0","6,0",59,"0,0",,4,21,184,"1,7",53,335,"0,05","3,2",Carnes e derivados
"Carne, bovi, cona-filé, sem gordura, grelhado",194,"35,9","4,5",102,"0,0",,5,21,241,"2,4",58,386,"0,09","5,1",Carnes e derivados
"Carne, bovi, costela, assada",373,"28,8","27,7",95,"0,0",,28,20,179,"2,2",92,270,"0,08","5,5",Carnes e derivados
"Carne, bovi, costela, crua",358,"16,7","31,8",44,"0,0",,*,12,130,"1,2",70,151,,"2,7",Carnes e derivados
"Carne, bovi, coxão duro, sem gordura, cozido",217,"31,9","8,9",71,"0,0",,4,14,189,"1,7",41,252,"0,07","5,0",Carnes e derivados
"Carne, bovi, coxão duro, sem gordura, cru",148,"21,5","6,2",60,"0,0",,3,21,189,"1,9",49,358,"0,05","2,8",Carnes e derivados
"Carne, bovi, coxão mole, sem gordura, cozido",219,"32,4","8,9",84,"0,0",,4,13,183,"2,6",44,239,"0,11","4,7",Carnes e derivados
"Carne, bovi, coxão mole, sem gordura, cru",169,"21,2","8,7",84,"0,0",,3,21,175,"1,9",61,335,"0,05","2,6",Carnes e derivados
"Carne, bovi, cupim, assado",330,"28,6","23,0",91,"0,0",,8,18,212,"2,7",72,321,"0,08","5,3",Carnes e derivados
"Carne, bovi, cupim, cru",221,"19,5","15,3",51,"0,0",,4,13,220,"1,1",47,151,"0,03","2,4",Carnes e derivados
"Carne, bovi, fígado, cru",141,"20,7","5,4",393,"1,1",,4,12,334,"5,6",76,265,"9,01","3,5",Carnes e derivados
"Carne, bovi, fígado, grelhado",225,"29,9","9,0",601,"4,2",,6,10,420,"5,8",82,309,"12,58","4,0",Carnes e derivados
"Carne, bovi, filé mingnon, sem gordura, cru",143,"21,6","5,6",55,"0,0",,3,21,193,"1,9",49,322,"0,08","2,8",Carnes e derivados
"Carne, bovi, filé mingnon, sem gordura, grelhado",220,"32,8","8,8",103,"0,0",,4,28,308,"2,9",58,326,"0,14","4,1",Carnes e derivados
"Carne, bovi, flanco, sem gordura, cozido",196,"29,4","7,8",62,"0,0",,4,14,181,"2,8",42,249,"0,07","5,6",Carnes e derivados
"Carne, bovi, flanco, sem gordura, cru",141,"20,0","6,2",50,"0,0",,3,18,167,"1,6",54,324,"0,05","4,5",Carnes e derivados
"Carne, bovi, fraldinha, com gordura, cozida",338,"24,2","26,0",65,"0,0",,3,14,161,"2,0",39,207,"0,07","6,5",Carnes e derivados
"Carne, bovi, fraldinha, com gordura, crua",221,"17,6","16,1",54,"0,0",,3,16,131,"1,5",51,274,"0,04","4,2",Carnes e derivados
"Carne, bovi, lagarto, cozido",222,"32,9","9,1",56,"0,0",,4,13,167,"1,9",48,254,"0,05","7,0",Carnes e derivados
"Carne, bovi, lagarto, cru",135,"20,5","5,2",56,"0,0",,3,20,185,"1,3",54,362,"0,05","2,4",Carnes e derivados
"Carne, bovi, língua, cozida",315,"21,4","24,8",105,"0,0",,6,12,136,"2,1",59,175,"0,08","4,1",Carnes e derivados
"Carne, bovi, língua, crua",215,"17,1","15,8",118,"0,0",,5,15,164,"1,7",73,251,"0,09","2,9",Carnes e derivados
"Carne, bovi, maminha, crua",153,"20,9","7,0",51,"0,0",,3,16,181,"1,1",37,274,"0,03","3,5",Carnes e derivados
"Carne, bovi, maminha, grelhada",153,"30,7","2,4",88,"0,0",,4,21,237,"2,4",58,386,"0,08","5,6",Carnes e derivados
"Carne, bovi, miolo de alcaa, sem gordura, cru",163,"21,6","7,8",60,"0,0",,3,20,165,"2,0",43,299,"0,06","3,0",Carnes e derivados
"Carne, bovi, miolo de alcaa, sem gordura, grelhado",241,"31,9","11,6",92,"0,0",,5,26,279,"3,2",52,385,"0,11","4,8",Carnes e derivados
"Carne, bovi, músculo, sem gordura, cozido",194,"31,2","6,7",56,"0,0",,5,13,176,"2,4",62,253,"0,08","6,4",Carnes e derivados
"Carne, bovi, músculo, sem gordura, cru",142,"21,6","5,5",51,"0,0",,4,17,162,"1,9",66,296,"0,05","3,7",Carnes e derivados
"Carne, bovi, paleta, com gordura, crua",159,"21,4","7,5",58,"0,0",,4,14,158,"1,8",65,250,"0,08","3,7",Carnes e derivados
"Carne, bovi, paleta, sem gordura, cozida",194,"29,7","7,4",56,"0,0",,6,18,197,"2,2",58,250,"0,10","6,8",Carnes e derivados
"Carne, bovi, paleta, sem gordura, crua",141,"21,0","5,7",42,"0,0",,4,18,163,"1,9",66,319,"0,05","3,3",Carnes e derivados
"Carne, bovi, patinho, sem gordura, cru",133,"21,7","4,5",56,"0,0",,3,20,170,"1,8",49,318,"0,05","4,5",Carnes e derivados
"Carne, bovi, patinho, sem gordura, grelhado",219,"35,9","7,3",126,"0,0",,5,27,289,"3,0",60,421,"0,12","8,1",Carnes e derivados
"Carne, bovi, peito, sem gordura, cozido",338,"22,2","27,0",100,"0,0",,4,14,136,"1,6",56,204,"0,05","3,9",Carnes e derivados
"Carne, bovi, peito, sem gordura, cru",259,"17,6","20,4",59,"0,0",,4,15,124,"1,3",64,241,"0,06","2,6",Carnes e derivados
"Carne, bovi, picanha, com gordura, crua",213,"18,8","14,7",60,"0,0",,2,14,165,"1,7",38,232,"0,06","3,8",Carnes e derivados
"Carne, bovi, picanha, com gordura, grelhada",289,"26,4","19,5",92,"0,0",,4,24,246,"3,2",60,355,"0,14","5,5",Carnes e derivados
"Carne, bovi, picanha, sem gordura, crua",134,"21,3","4,7",75,"0,0",,3,20,183,"2,1",61,322,"0,08","4,2",Carnes e derivados
"Carne, bovi, picanha, sem gordura, grelhada",238,"31,9","11,3",100,"0,0",,4,25,282,"3,6",61,377,"0,17","6,7",Carnes e derivados
"Carne, bovi, seca, cozida",313,"26,9","21,9",100,"0,0",,13,12,82,"1,9",1943,86,"0,03","7,7",Carnes e derivados
"Carne, bovi, seca, crua",313,"19,7","25,4",92,"0,0",,14,12,100,"1,3",4440,190,,"3,7",Carnes e derivados
"Coxinha de frango, frita",283,"9,6","11,8",15,"34,5","5,0",18,17,93,"1,3",532,166,"0,09","0,5",Carnes e derivados
"Croquete, de carne, cru",246,"12,0","15,6",30,"13,9",,15,24,144,"2,5",711,221,"0,10","2,7",Carnes e derivados
"Croquete, de carne, frito",347,"16,9","22,7",38,"18,1",,18,30,176,"2,3",916,313,"0,09","3,3",Carnes e derivados
"Empada de frango, pré-cozida, assada",358,"6,9","15,6",23,"47,5","2,2",16,18,78,"1,2",525,138,"0,07","0,6",Carnes e derivados
"Empada, de frango, pré-cozida",377,"7,3","22,9",23,"35,5","2,2",14,17,78,"0,7",771,156,"0,09","0,5",Carnes e derivados
"Frango, asa, com pele, crua",213,"18,1","15,1",113,"0,0",,11,23,155,"0,6",96,211,"0,02","1,2",Carnes e derivados
"Frango, caipira, inteiro, com pele, cozido",243,"23,9","15,6",110,"0,0",,17,18,162,"1,7",56,210,"0,08","1,7",Carnes e derivados
"Frango, caipira, inteiro, sem pele, cozido",196,"29,6","7,7",106,"0,0",,66,23,210,"2,1",53,224,"0,15","2,7",Carnes e derivados
"Frango, coração, cru",222,"12,6","18,6",159,"0,0",,6,20,193,"4,1",95,220,"0,20","2,0",Carnes e derivados
"Frango, coração, grelhado",207,"22,4","12,1",280,"0,6",,8,20,276,"6,5",128,243,"0,30","3,4",Carnes e derivados
"Frango, coxa, com pele, assada",215,"28,5","10,4",145,"0,1",,8,14,251,"1,2",95,318,"0,05","2,6",Carnes e derivados
"Frango, coxa, com pele, crua",161,"17,1","9,8",97,"0,0",,8,26,185,"0,7",95,275,"0,03","2,0",Carnes e derivados
"Frango, coxa, sem pele, cozida",167,"26,9","5,8",133,"0,0",,12,11,187,"0,8",64,191,"0,03","2,8",Carnes e derivados
"Frango, coxa, sem pele, crua",120,"17,8","4,9",91,"0,0",,8,27,196,"0,8",98,291,"0,03","2,2",Carnes e derivados
"Frango, fígado, cru",106,"17,6","3,5",341,"0,0",,6,28,344,"9,5",82,281,"0,26","3,7",Carnes e derivados
"Frango, filé, à milanesa",221,"28,5","7,8",84,"7,5","1,1",9,35,249,"1,1",122,408,"0,05","0,8",Carnes e derivados
"Frango, inteiro, com pele, cru",226,"16,4","17,3",85,"0,0",,6,24,174,"0,6",63,217,"0,04","1,1",Carnes e derivados
"Frango, inteiro, sem pele, assado",187,"28,0","7,5",111,"0,0",,9,14,233,"0,6",70,283,"0,03","1,6",Carnes e derivados
"Frango, inteiro, sem pele, cozido",170,"25,0","7,1",99,"0,0",,8,12,194,"0,5",51,217,"0,04","1,2",Carnes e derivados
"Frango, inteiro, sem pele, cru",129,"20,6","4,6",78,"0,0",,7,27,190,"0,5",73,238,"0,03","1,2",Carnes e derivados
"Frango, peito, com pele, assado",212,"33,4","7,6",109,"0,0",,8,18,297,"0,5",56,380,"0,01","1,0",Carnes e derivados
"Frango, peito, com pele, cru",149,"20,8","6,7",80,"0,0",,8,28,213,"0,4",62,252,"0,05","0,6",Carnes e derivados
"Frango, peito, sem pele, cozido",163,"31,5","3,2",89,"0,0",,6,14,224,"0,3",36,231,"0,02","0,9",Carnes e derivados
"Frango, peito, sem pele, cru",119,"21,5","3,0",59,"0,0",,7,31,222,"0,4",56,267,"0,03","0,7",Carnes e derivados
"Frango, peito, sem pele, grelhado",159,"32,0","2,5",89,"0,0",,5,18,295,"0,3",50,387,"0,02","0,8",Carnes e derivados
"Frango, sobrecoxa, com pele, assada",260,"28,7","15,2",158,"0,0",,11,15,252,"1,2",96,323,"0,06","2,2",Carnes e derivados
"Frango, sobrecoxa, com pele, crua",255,"15,5","20,9",88,"0,0",,7,22,154,"0,7",68,190,"0,05","1,3",Carnes e derivados
"Frango, sobrecoxa, sem pele, assada",233,"29,2","12,0",145,"0,0",,12,17,281,"1,2",106,382,"0,07","2,2",Carnes e derivados
"Frango, sobrecoxa, sem pele, crua",162,"17,6","9,6",84,"0,0",,6,26,187,"0,9",80,241,"0,06","1,7",Carnes e derivados
"Hambúrguer, bovino, cru",215,"13,2","16,2",70,"4,2",*,34,25,141,"1,9",869,383,"0,16","1,7",Carnes e derivados
"Hambúrguer, bovino, frito",258,"20,0","17,0",49,"6,3",*,62,60,324,"3,0",1252,660,"0,17","3,2",Carnes e derivados
"Hambúrguer, bovino, grelhado",210,"13,2","12,4",59,"11,3",*,56,48,263,"2,6",1090,538,"0,18","3,0",Carnes e derivados
"Lingüiça, frango, crua",218,"14,2","17,4",64,"0,0",,11,19,182,"0,5",1126,280,"0,05","0,7",Carnes e derivados
"Lingüiça, frango, frita",245,"18,3","18,5",76,"0,0",,15,29,262,"0,8",1374,364,"0,04","1,2",Carnes e derivados
"Lingüiça, frango, grelhada",244,"18,2","18,4",80,"0,0",,14,21,228,"0,7",1351,356,"0,09","1,0",Carnes e derivados
"Lingüiça, porco, crua",227,"16,1","17,6",53,"0,0",,6,14,157,"0,4",1176,316,"0,04","1,4",Carnes e derivados
"Lingüiça, porco, frita",280,"20,5","21,3",75,"0,0",,8,18,211,"0,9",1432,409,"0,06","3,1",Carnes e derivados
"Lingüiça, porco, grelhada",296,"23,2","21,9",82,"0,0",,8,19,210,"1,0",1456,427,"0,07","3,5",Carnes e derivados
Mortadela,269,"12,0","21,6",83,"5,8",,67,19,216,"1,5",1212,247,"0,08","1,0",Carnes e derivados
"Peru, congelado, assado",163,"26,2","5,7",91,"0,0",,14,12,197,"0,6",628,175,"0,03","1,2",Carnes e derivados
"Peru, congelado, cru",94,"18,1","1,8",68,"0,0",,10,19,217,"0,9",711,281,"0,36","1,4",Carnes e derivados
"Porco, bisteca, crua",164,"21,5","8,0",56,"0,0",,6,24,195,"0,5",54,335,"0,07","1,4",Carnes e derivados
"Porco, bisteca, frita",311,"33,7","18,5",126,"0,0",,69,29,290,"0,8",63,404,"0,07","2,2",Carnes e derivados
"Porco, bisteca, grelhada",280,"28,9","17,4",82,"0,0",,34,25,229,"0,9",51,366,"0,06","2,3",Carnes e derivados
"Porco, costela, assada",402,"30,2","30,3",113,"0,0",,17,14,201,"1,0",63,246,"0,07","3,1",Carnes e derivados
"Porco, costela, crua",256,"18,0","19,8",69,"0,0",,15,18,159,"0,9",88,248,"0,05","2,3",Carnes e derivados
"Porco, lombo, assado",210,"35,7","6,4",103,"0,0",,20,18,238,"0,5",39,311,"0,03","1,8",Carnes e derivados
"Porco, lombo, cru",176,"22,6","8,8",55,"0,0",,4,24,195,"0,5",53,334,"0,01","0,9",Carnes e derivados
"Porco, orelha, salgada, crua",258,"18,5","19,9",83,"0,0",,5,2,31,"1,4",616,228,"0,23","0,6",Carnes e derivados
"Porco, pernil, assado",262,"32,1","13,9",110,"0,0",,18,27,247,"1,3",62,395,"0,09","3,3",Carnes e derivados
"Porco, pernil, cru",186,"20,1","11,1",59,"0,0",,13,23,192,"0,9",102,256,"0,16","1,7",Carnes e derivados
"Porco, rabo, salgado, cru",377,"15,6","34,5",89,"0,0",,22,4,42,"0,6",1158,24,"0,05","1,4",Carnes e derivados
"Presunto, com capa de gordura",128,"14,4","6,8",40,"1,4",,12,17,274,"0,7",1021,295,"0,04","1,3",Carnes e derivados
"Presunto, sem capa de gordura",94,"14,3","2,7",36,"2,1",,23,18,244,"0,8",1039,307,"0,04","1,5",Carnes e derivados
"Quibe, assado",136,"14,6","2,7",34,"12,9","1,9",16,36,174,"2,2",40,288,"0,51","4,1",Carnes e derivados
"Quibe, cru",109,"12,4","1,7",27,"10,8","1,6",12,26,126,"1,7",39,242,"0,13","2,8",Carnes e derivados
"Quibe, frito",254,"14,9","15,8",38,"12,3",,22,39,166,"2,0",836,322,"0,16","2,8",Carnes e derivados
Salame,398,"25,8","30,6",85,"2,9",,87,30,354,"1,3",1574,548,"0,05","3,2",Carnes e derivados
"Toucinho, cru",593,"11,5","60,3",73,"0,0",,2,4,35,"0,4",50,58,"0,11","0,2",Carnes e derivados
"Toucinho, frito",697,"27,3","64,3",89,"0,0",,9,9,95,"0,9",125,171,"0,10","0,8",Carnes e derivados
"Bebida láctea, pêssego",55,"2,1","1,9",5,"7,6","0,3",89,9,63,,46,62,"0,02","0,2",Leites e derivados
Creme de Leite,221,"1,5","22,5",66,"4,5",,83,8,118,"0,3",52,119,"0,02","0,3",Leites e derivados
"Iogurte, tural",51,"4,1","3,0",14,"1,9",,143,11,119,,52,71,"0,02","0,4",Leites e derivados
"Iogurte, tural, destado",41,"3,8","0,3",3,"5,8",,157,12,110,,60,182,,"0,5",Leites e derivados
"Iogurte, sabor abacaxi",*,*,*,6,*,*,*,*,*,*,*,*,*,*,Leites e derivados
"Iogurte, sabor morango",70,"2,7","2,3",7,"9,7","0,2",101,8,73,,38,52,"0,02","0,3",Leites e derivados
"Iogurte, sabor pêssego",68,"2,5","2,3",8,"9,4","0,7",95,8,66,"0,1",37,52,"0,02","0,3",Leites e derivados
"Leite, condensado",313,"7,7","6,7",28,"57,0",,246,22,187,"0,1",94,329,"0,03","0,9",Leites e derivados
"Leite, de cabra",66,"3,1","3,8",14,"5,2",,112,10,113,"0,1",74,140,"0,04","0,4",Leites e derivados
"Leite, de vaca, achocolatado",83,"2,1","2,2",6,"14,2","0,6",70,13,71,"0,5",72,155,"0,04","0,3",Leites e derivados
"Leite, de vaca, destado, pó",362,"34,7","0,9",25,"53,0",,1363,109,1673,"0,9",432,1556,"0,16","3,8",Leites e derivados
"Leite, de vaca, destado, UHT",*,*,*,4,*,,134,10,85,,51,140,"0,02","0,4",Leites e derivados
"Leite, de vaca, integral",*,*,*,10,*,,123,10,82,,64,133,"0,02","0,4",Leites e derivados
"Leite, de vaca, integral, pó",497,"25,4","26,9",85,"39,2",,890,77,1242,"0,5",323,1132,"0,11","2,7",Leites e derivados
"Leite, fermentado",70,"1,9","0,1",2,"15,7",,72,6,63,,33,94,"0,01","0,3",Leites e derivados
"Queijo, mis, frescal",264,"17,4","20,2",62,"3,2",,579,7,123,"0,9",31,105,,"0,3",Leites e derivados
"Queijo, mis, meia cura",321,"21,2","24,6",76,"3,6",,696,27,403,"0,2",501,120,"0,07","2,7",Leites e derivados
"Queijo, mozarela",330,"22,6","25,2",80,"3,0",,875,24,470,"0,3",581,62,"0,08","3,5",Leites e derivados
"Queijo, parmesão",453,"35,6","33,5",106,"1,7",,992,33,745,"0,5",1844,96,"0,17","4,4",Leites e derivados
"Queijo, pasteurizado",303,"9,4","27,4",82,"5,7",,323,16,578,"0,3",780,194,"0,05","1,3",Leites e derivados
"Queijo, petit suisse, morango",121,"5,8","2,8",12,"18,5",,731,27,448,"0,1",412,121,"0,01","2,7",Leites e derivados
"Queijo, prato",360,"22,7","29,1",91,"1,9",,940,28,461,"0,3",580,73,"0,10","3,5",Leites e derivados
"Queijo, requeijão, cremoso",257,"9,6","23,4",74,"2,4",,259,12,448,"0,1",558,93,"0,05","1,3",Leites e derivados
"Queijo, ricota",140,"12,6","8,1",49,"3,8",,253,12,162,"0,1",283,112,,"0,5",Leites e derivados
"Bebida isotônica, sabores variados",26,"0,0","0,0",,"6,4",,1,,9,"0,7",44,13,,,Bebidas (alcoólicas e não alcoólicas)
"Café, infusão 10%",9,"0,7","0,1",,"1,5",,3,10,9,,1,156,"0,01",,Bebidas (alcoólicas e não alcoólicas)
"Ca, aguardente 1",216,,,,,,,,,,3,,"0,06",,Bebidas (alcoólicas e não alcoólicas)
"Ca, caldo de",65,,,,"18,2","0,1",9,12,5,"0,8",,18,"0,01","0,1",Bebidas (alcoólicas e não alcoólicas)
"Cerveja, pilsen 2",41,"0,6",,,"3,3",,5,7,19,,4,29,,,Bebidas (alcoólicas e não alcoólicas)
"Chá, erva-doce, infusão 5%",1,"0,0","0,0",,"0,4",,2,1,1,,1,10,"0,01",,Bebidas (alcoólicas e não alcoólicas)
"Chá, mate, infusão 5%",3,"0,0","0,1",,"0,6",,1,2,,,,5,,,Bebidas (alcoólicas e não alcoólicas)
"Chá, preto, infusão 5%",2,"0,0","0,0",,"0,6",,0,1,2,,,13,,,Bebidas (alcoólicas e não alcoólicas)
"Coco, água de",22,"0,0","0,0",,"5,3","0,1",19,5,4,,2,162,,,Bebidas (alcoólicas e não alcoólicas)
"Refrigerante, tipo água tônica",31,"0,0","0,0",,"8,0",,1,,0,,8,2,,,Bebidas (alcoólicas e não alcoólicas)
"Refrigerante, tipo cola",34,"0,0","0,0",,"8,7",,1,,17,,7,1,,,Bebidas (alcoólicas e não alcoólicas)
"Refrigerante, tipo guaraná",39,"0,0","0,0",,"10,0",,1,,,,9,1,,,Bebidas (alcoólicas e não alcoólicas)
"Refrigerante, tipo laranja",46,"0,0","0,0",,"11,8",,2,1,1,,9,16,,,Bebidas (alcoólicas e não alcoólicas)
"Refrigerante, tipo limão",40,"0,0","0,0",,"10,3",,2,1,,,9,4,,,Bebidas (alcoólicas e não alcoólicas)
"Omelete, de queijo",268,"15,6","22,0",384,"0,4",,166,14,314,"1,4",216,127,"0,03","1,4",Ovos e derivados
"Ovo, de codor, inteiro, cru",177,"13,7","12,7",568,"0,8",,79,11,279,"3,3",129,79,"0,04","2,1",Ovos e derivados
"Ovo, de galinha, clara, cozida/10minutos",59,"13,4","0,1",,"0,0",,6,11,15,"0,1",181,146,"0,03",,Ovos e derivados
"Ovo, de galinha, gema, cozida/10minutos",353,"15,9","30,8",1272,"1,6",,114,9,386,"2,9",45,87,,"2,9",Ovos e derivados
"Ovo, de galinha, inteiro, cozido/10minutos",146,"13,3","9,5",397,"0,6",,49,11,184,"1,5",146,139,"0,04","1,2",Ovos e derivados
"Ovo, de galinha, inteiro, cru",143,"13,0","8,9",356,"1,6",,42,13,164,"1,6",168,150,"0,06","1,1",Ovos e derivados
"Ovo, de galinha, inteiro, frito",240,"15,6","18,6",516,"1,2",,73,16,422,"2,1",166,184,"0,04","1,5",Ovos e derivados
"Achocolatado, pó",401,"4,2","2,2",,"91,2","3,9",44,77,200,"5,4",65,496,"0,56","1,0",Produtos açucarados
"Açúcar, cristal",387,"0,3",,,"99,6",,8,1,,"0,2",,3, ,,Produtos açucarados
"Açúcar, mascavo",369,"0,8","0,1",,"94,5",,127,80,38,"8,3",25,522,"0,17","0,5",Produtos açucarados
"Açúcar, refido",387,"0,3",,,"99,5",,4,1,,"0,1",12,6, ,,Produtos açucarados
"Chocolate, ao leite",540,"7,2","30,3",17,"59,6","2,2",191,57,212,"1,6",77,355,"0,31","1,1",Produtos açucarados
"Chocolate, ao leite, com castanha do Pará",559,"7,4","34,2",16,"55,4","2,5",171,80,303,"1,5",64,431,"0,45","1,3",Produtos açucarados
"Chocolate, ao leite, dietético",557,"6,9","33,8",13,"56,3","2,8",188,67,276,"3,3",85,458,"0,43","1,1",Produtos açucarados
"Chocolate, meio amargo",475,"4,9","29,9",2,"62,4","4,9",45,107,220,"3,6",9,432,"0,77","1,5",Produtos açucarados
Cocada branca,449,"1,1","13,6",,"81,4","3,6",7,17,396,"1,2",29,183,"0,20","0,4",Produtos açucarados
"Doce, de abóbora, cremoso",199,"0,9","0,2",,"54,6","2,3",13,6,14,"0,9",,137,,,Produtos açucarados
"Doce, de leite, cremoso",306,"5,5","6,0",20,"59,5",,195,16,141,"0,1",120,259,"0,02","0,5",Produtos açucarados
"Geléia, mocotó, tural",106,"2,1","0,1",,"24,2",,4,1,,"0,1",43,2,,,Produtos açucarados
Glicose de milho,292,"0,0","0,0",,"79,4",,6,2,5,"0,1",59,5,,,Produtos açucarados
Maria mole,301,"3,8","0,2",,"73,6","0,7",13,7,4,"0,4",15,24,"0,20","0,1",Produtos açucarados
"Maria mole, coco queimado",307,"3,9","0,1",,"75,1","0,6",19,6,5,"0,5",14,36,"0,03","0,1",Produtos açucarados
Marmelada,257,"0,4","0,1",,"70,8","4,1",11,6,20,"0,7",11,83,"0,09","0,1",Produtos açucarados
"Mel, de abelha",309,"0,0","0,0",,"84,0",,10,6,4,"0,3",6,99,,"0,2",Produtos açucarados
Melado,297,"0,0","0,0",,"76,6",,102,115,74,"5,4",4,395,"0,84","0,3",Produtos açucarados
Quindim,411,"4,7","24,4",271,"46,3","3,2",37,15,168,"1,4",27,111,"0,10","1,1",Produtos açucarados
Rapadura,352,"1,0","0,1",,"90,8",,30,47,21,"4,4",22,459,"0,17","0,6",Produtos açucarados
"Café, pó, torrado",419,"14,7","11,9",,"65,8","51,2",107,165,169,"8,1",1,1609,"1,30","0,5",Miscelâneas
"Capuccino, pó",417,"11,3","8,6",29,"73,6","2,4",467,71,358,"2,3",382,886,,"1,1",Miscelâneas
"Fermento em pó, químico",90,"0,5","0,1",,"43,9",, , , , ,10052, , , ,Miscelâneas
"Fermento, biológico, levedura, tablete",90,"17,0","1,5",,"7,7","4,2",18,38,419,"2,6",40,576,"0,29","11,0",Miscelâneas
"Gelati, sabores variados, pó",380,"8,9",,,"89,2",,27,2,2,"0,3",235,7,,,Miscelâneas
"Sal, dietético",,,,,,,,,,,23432,20468,,,Miscelâneas
"Sal, grosso",,,,,,,,,,,39943,,,,Miscelâneas
Shoyu,61,"3,3","0,3",,"11,6",,15,24,47,"0,5",5024,165,,"0,2",Miscelâneas
Tempero a base de sal,21,"2,7","0,3",,"2,1","0,6",,,,,32560,,,,Miscelâneas
"Azeito, preta, conserva",194,"1,2","20,3",,"5,5","4,6",59,5,16,"5,5",1567,79,"0,25","0,3",Outros alimentos industrializados
"Azeito, verde, conserva",137,"0,9","14,2",,"4,1","3,8",46,4,5,"0,2",1347,20,"0,14","0,1",Outros alimentos industrializados
"Chantilly, spray, com gordura vegetal",315,"0,5","27,3",,"16,9",,2,1,16,,110,5,"0,01","0,1",Outros alimentos industrializados
"Leite, de coco",166,"1,0","18,4",,"2,2","0,7",6,17,26,"0,5",44,144,"0,16","0,3",Outros alimentos industrializados
"Maionese, adiciol com ovos",302,"0,6","30,5",42,"7,9",,3,1,14,"0,1",787,16,,"0,1",Outros alimentos industrializados
Acarajé,289,"8,3","19,9",25,"19,1","9,4",124,51,142,"1,9",305,354,"0,23","1,2",Alimentos preparados
Arroz carreteiro,154,"10,8","7,1",36,"11,6","1,5",13,9,48,"1,0",1622,87,"0,08","2,7",Alimentos preparados
"Baião de dois, arroz e feijão-de-corda",136,"6,2","3,2",4,"20,4","5,1",33,19,72,"0,6",93,157,"0,08","0,6",Alimentos preparados
Barreado,165,"18,3","9,5",60,"0,2","0,1",15,21,169,"2,4",48,295,"0,17","4,8",Alimentos preparados
"Bife à cavalo, com cona filé",291,"23,7","21,1",257,"0,0",,26,19,216,"2,1",83,272,"0,06","3,2",Alimentos preparados
Bolinho de arroz,274,"8,0","8,3",70,"41,7","2,7",24,13,87,"2,1",59,96,"0,13","0,9",Alimentos preparados
Camarão à baia,101,"7,9","6,0",117,"3,2","0,4",43,15,244,"1,4",85,139,"0,07","0,5",Alimentos preparados
"Charuto, de repolho",78,"6,8","1,1",21,"10,1","1,5",23,13,68,"0,9",12,184,"1,45","1,8",Alimentos preparados
"Cuscuz, de milho, cozido com sal",113,"2,2","0,7",,"25,3","2,1",2,3,23,"0,2",248,11,,"0,2",Alimentos preparados
"Cuscuz, paulista",142,"2,6","4,6",15,"22,5","2,4",14,5,26,"0,3",236,53,"0,05","0,2",Alimentos preparados
"Cuxá, molho",80,"5,6","3,6",58,"5,7","3,0",105,34,111,"0,9",1344,124,"0,17","0,6",Alimentos preparados
Dobradinha,125,"19,8","4,4",144,"0,0",,11,8,57,"1,0",29,58,"0,06","2,7",Alimentos preparados
Esogonofe de carne,173,"15,0","10,8",66,"3,0",,28,22,186,"2,7",123,322,"0,14","2,0",Alimentos preparados
Esogonofe de frango,157,"17,6","8,0",80,"2,6",,26,25,195,"1,5",99,307,"0,12","0,6",Alimentos preparados
Feijão opeiro mineiro,152,"10,2","6,8",68,"19,6","3,6",41,36,199,"2,2",365,349,"0,22","1,4",Alimentos preparados
L,117,"8,7","6,5",22,"11,6","5,1",32,32,105,"1,3",278,303,"0,15","0,8",Alimentos preparados
"Frango, com açafrão",113,"9,7","6,2",50,"4,1","0,2",13,16,167,"0,8",29,256,"0,02","0,5",Alimentos preparados
"Macarrão, molho bolognesa",120,"4,9","0,9",7,"22,5","0,8",11,10,54,"1,4",9,84,"0,09","0,8",Alimentos preparados
Maniçoba,134,"10,0","8,7",43,"3,4","2,2",66,24,55,"3,2",407,148,"0,16","2,0",Alimentos preparados
Quibebe,86,"8,6","2,7",,"6,6","1,7",8,10,43,"0,8",247,153,"0,61","1,6",Alimentos preparados
"Salada, de legumes, com maionese",96,"1,1","7,0",7,"8,9","2,2",12,9,22,"0,2",228,141,"0,04","0,2",Alimentos preparados
"Salada, de legumes, cozida no vapor",35,"2,0","0,3",,"7,1","2,5",33,19,45,"0,4",3,244,"0,17","0,3",Alimentos preparados
"Salpicão, de frango",148,"13,9","7,8",53,"4,6","0,4",9,13,103,"0,3",248,149,"0,08","0,4",Alimentos preparados
Sarapatel,123,"18,5","4,4",315,"1,1",,12,13,164,"7,2",216,199,"1,48","1,8",Alimentos preparados
Tabule,57,"2,0","1,2",,"10,6","2,1",19,18,35,"0,6",1,188,"0,12","0,6",Alimentos preparados
Tacacá,47,"7,0","0,4",71,"3,4","0,2",45,30,89,"0,9",1349,240,"0,22","0,8",Alimentos preparados
"Tapioca, com manteiga",348,"0,1","10,9",31,"63,6",,30,3,8,"0,2",158,19,"0,01","0,0",Alimentos preparados
"Tucupi, com pimenta-de-cheiro",27,"2,1","0,3",,"4,7","0,2",28,42,31,"1,1",5,391,"0,12","0,9",Alimentos preparados
Vaca atolada,145,"5,1","9,3",19,"10,1","2,3",63,16,72,"0,7",26,220,"0,12","1,2",Alimentos preparados
Vatapá,255,"6,0","23,2",44,"9,7","1,7",47,39,108,"1,4",880,209,"0,28","0,9",Alimentos preparados
Virado à paulista,307,"10,2","25,6",66,"14,1","2,2",41,22,135,"1,1",346,237,"0,07","1,0",Alimentos preparados
Yakisoba,113,"7,5","2,6",,"18,3","1,1",14,13,83,"0,6",794,159,"0,06","0,7",Alimentos preparados
"Amendoim, grão, cru",544,"27,2","43,9",,"20,3","8,0",,171,407,"2,5",,580,"0,78","3,2",Leguminosas e derivados
"Amendoim, torrado, salgado",606,"22,5","54,0",,"18,7","7,8",39,159,261,"1,3",376,496,"0,68","2,1",Leguminosas e derivados
"Ervilha, em vagem",88,"7,5","0,5",,"14,2","9,7",24,42,152,"1,4",,311,"0,20","1,2",Leguminosas e derivados
"Ervilha, enlatada, dreda",74,"4,6","0,4",,"13,4","5,1",22,23,79,"1,4",372,147,"0,14","0,9",Leguminosas e derivados
"Feijão, carioca, cozido",76,"4,8","0,5",,"13,6","8,5",27,42,87,"1,3",2,255,"0,19","0,7",Leguminosas e derivados
"Feijão, carioca, cru",329,"20,0","1,3",,"61,2","18,4",123,210,385,"8,0",,1352,"0,79","2,9",Leguminosas e derivados
"Feijão, fradinho, cozido",78,"5,1","0,6",,"13,5","7,5",17,38,85,"1,1",1,253,"0,10","1,1",Leguminosas e derivados
"Feijão, fradinho, cru",339,"20,2","2,4",,"61,2","23,6",78,178,355,"5,1",10,1083,"0,70","3,9",Leguminosas e derivados
"Feijão, jalo, cozido",93,"6,1","0,5",,"16,5","13,9",29,44,121,"1,9",1,348,"0,24","1,0",Leguminosas e derivados
"Feijão, jalo, cru",328,"20,1","0,9",,"61,5","30,3",98,170,427,"7,0",25,1276,"0,95","3,0",Leguminosas e derivados
"Feijão, preto, cozido",77,"4,5","0,5",,"14,0","8,4",29,40,88,"1,5",2,256,"0,20","0,7",Leguminosas e derivados
"Feijão, preto, cru",324,"21,3","1,2",,"58,8","21,8",111,188,471,"6,5",,1416,"0,83","2,9",Leguminosas e derivados
"Feijão, rajado, cozido",85,"5,5","0,4",,"15,3","9,3",29,42,113,"1,4",1,315,"0,23","0,9",Leguminosas e derivados
"Feijão, rajado, cru",326,"17,3","1,2",,"62,9","24,0",111,170,335,"18,6",14,1135,"0,84","2,6",Leguminosas e derivados
"Feijão, rosinha, cozido",68,"4,5","0,5",,"11,8","4,8",19,43,90,"1,2",2,241,"0,09","1,3",Leguminosas e derivados
"Feijão, rosinha, cru",337,"20,9","1,3",,"62,2","20,6",68,184,394,"5,3",24,1109,"0,60","4,0",Leguminosas e derivados
"Feijão, roxo, cozido",77,"5,7","0,5",,"12,9","11,5",23,34,106,"1,4",1,268,"0,22","1,0",Leguminosas e derivados
"Feijão, roxo, cru",331,"22,2","1,2",,"60,0","33,8",120,162,394,"6,9",10,1221,"1,04","3,3",Leguminosas e derivados
"Grão-de-bico, cru",355,"21,2","5,4",,"57,9","12,4",114,146,342,"5,4",5,1116,"0,67","3,2",Leguminosas e derivados
"Guandu, cru",344,"19,0","2,1",,"64,0","21,3",129,166,269,"1,9",2,1215,"0,57","2,0",Leguminosas e derivados
"Lentilha, cozida",93,"6,3","0,5",,"16,3","7,9",16,22,104,"1,5",1,220,"0,17","1,1",Leguminosas e derivados
"Lentilha, crua",339,"23,2","0,8",,"62,0","16,9",54,94,368,"7,0",,887,"0,83","3,5",Leguminosas e derivados
"Paçoca, amendoim",487,"16,0","26,1",,"52,4","7,3",22,101,198,"1,1",167,348,"0,38","1,6",Leguminosas e derivados
"Pé-de-moleque, amendoim",503,"13,2","28,0",,"54,7","3,4",27,108,171,"1,3",16,355,"0,43","1,4",Leguminosas e derivados
"Soja, farinha",404,"36,0","14,6",,"38,4","20,2",206,242,539,"13,1",6,1922,"1,29","4,5",Leguminosas e derivados
"Soja, exato solúvel, tural, fluido",39,"2,4","1,6",,"4,3","0,4",17,15,53,"0,4",57,121,"0,08","0,3",Leguminosas e derivados
"Soja, exato solúvel, pó",459,"35,7","26,2",,"28,5","7,3",359,216,647,"7,0",83,1607,"1,19","5,8",Leguminosas e derivados
"Soja, queijo (tofu)",64,"6,6","4,0",,"2,1","0,8",81,38,130,"1,4",1,182,"0,18","0,9",Leguminosas e derivados
"emoço, cru",381,"33,6","10,3",,"43,8","32,3",177,121,265,"2,8",3,708,"0,79","4,2",Leguminosas e derivados
"emoço, em conserva",121,"11,1","3,8",,"12,4","14,4",16,4,40,"0,3",1809,5,"0,27","0,6",Leguminosas e derivados
"Amêndoa, torrada, salgada",581,"18,6","47,3",,"29,5","11,6",237,222,493,"3,1",279,640,"0,93","2,6",Nozes e sementes
"Castanha-de-caju, torrada, salgada",570,"18,5","46,3",,"29,1","3,7",33,237,594,"5,2",125,671,"1,92","4,7",Nozes e sementes
"Castanha-do-Brasil, crua",643,"14,5","63,5",,"15,1","7,9",146,365,853,"2,3",1,651,"1,79","4,2",Nozes e sementes
"Coco, cru",406,"3,7","42,0",,"10,4","5,4",6,51,118,"1,8",15,354,"0,45","0,9",Nozes e sementes
"Coco,  verde, cru",*,*,*,*,*,*,*,*,*,*,*,*,*,*,Nozes e sementes
"Farinha, de mesocarpo de babaçu, crua",329,"1,4","0,2",,"79,2","17,9",61,39,26,"18,3",12,362,"0,22","0,3",Nozes e sementes
"Gergelim, semente",584,"21,2","50,4",,"21,6","11,9",825,361,741,"5,4",3,546,"1,51","5,2",Nozes e sementes
"Linhaça, semente",495,"14,1","32,3",,"43,3","33,5",211,347,615,"4,7",9,869,"1,09","4,4",Nozes e sementes
"Pinhão, cozido",174,"3,0","0,7",,"43,9","15,6",16,53,166,"0,8",1,727,"0,18","0,8",Nozes e sementes
"Pupunha, cozida",219,"2,5","12,8",,"29,6","4,3",28,25,49,"0,5",1,303,"0,28","0,3",Nozes e sementes
"Noz, crua",620,"14,0","59,4",,"18,4","7,2",105,153,396,"2,0",5,533,"0,75","2,1",Nozes e sementes