DataHora,Satelite,Pais,Estado,Municipio,Bioma,DiaSemChuva,Precipitacao,RiscoFogo,Latitude,Longitude,FRP
2024/09/16 17:49:00,AQUA_M-T,Brasil,PARÁ,PORTO DE MOZ,Amazônia,,,,-1.78573,-52.19456,26.2
2024/09/16 17:49:00,AQUA_M-T,Brasil,PARÁ,ALMEIRIM,Amazônia,,,,-1.68026,-53.05653,11.9
2024/09/16 17:49:00,AQUA_M-T,Brasil,PARÁ,MEDICILÂNDIA,Amazônia,,,,-2.88118,-53.13608,28.7
2024/09/16 17:49:00,AQUA_M-T,Brasil,PARÁ,MEDICILÂNDIA,Amazônia,,,,-2.87358,-53.14626,6.0
2024/09/16 17:49:00,AQUA_M-T,Brasil,PARÁ,MEDICILÂNDIA,Amazônia,,,,-2.8723,-53.13737,41.3
2024/09/16 17:49:00,AQUA_M-T,Brasil,PARÁ,MEDICILÂNDIA,Amazônia,,,,-2.86341,-53.13867,35.7
2024/09/16 17:49:00,AQUA_M-T,Brasil,PARÁ,MEDICILÂNDIA,Amazônia,,,,-3.31921,-53.35164,9.0
2024/09/16 17:49:00,AQUA_M-T,Brasil,PARÁ,BRASIL NOVO,Amazônia,,,,-3.00583,-52.45892,32.1
2024/09/16 17:49:00,AQUA_M-T,Brasil,PARÁ,PORTO DE MOZ,Amazônia,,,,-2.77927,-52.10778,32.5
2024/09/16 17:49:00,AQUA_M-T,Brasil,PARÁ,PORTO DE MOZ,Amazônia,,,,-2.77798,-52.09893,29.4
2024/09/16 17:49:00,AQUA_M-T,Brasil,PARÁ,PORTO DE MOZ,Amazônia,,,,-2.77039,-52.10907,11.8
2024/09/16 17:49:00,AQUA_M-T,Brasil,PARÁ,PORTO DE MOZ,Amazônia,,,,-2.7691,-52.10022,11.4
2024/09/16 17:49:00,AQUA_M-T,Brasil,PARÁ,ALTAMIRA,Amazônia,,,,-3.55741,-52.2604,9.7
2024/09/16 17:49:00,AQUA_M-T,Brasil,PARÁ,ALTAMIRA,Amazônia,,,,-4.36854,-53.66145,33.9
2024/09/16 17:49:00,AQUA_M-T,Brasil,PARÁ,ALTAMIRA,Amazônia,,,,-4.3608,-53.67208,15.5
2024/09/16 17:49:00,AQUA_M-T,Brasil,PARÁ,ALTAMIRA,Amazônia,,,,-4.35945,-53.66275,12.9
2024/09/16 17:49:00,AQUA_M-T,Brasil,PARÁ,ALTAMIRA,Amazônia,,,,-4.2033,-53.67286,11.4
2024/09/16 17:49:00,AQUA_M-T,Brasil,PARÁ,URUARÁ,Amazônia,,,,-4.05642,-53.61166,10.0
2024/09/16 17:49:00,AQUA_M-T,Brasil,PARÁ,URUARÁ,Amazônia,,,,-3.75416,-53.43031,6.8
2024/09/16 17:49:00,AQUA_M-T,Brasil,PARÁ,URUARÁ,Amazônia,,,,-3.75285,-53.42122,14.0
2024/09/16 17:49:00,AQUA_M-T,Brasil,PARÁ,URUARÁ,Amazônia,,,,-3.74518,-53.43159,44.9
2024/09/16 17:49:00,AQUA_M-T,Brasil,PARÁ,URUARÁ,Amazônia,,,,-3.74387,-53.42254,120.6
2024/09/16 17:49:00,AQUA_M-T,Brasil,PARÁ,URUARÁ,Amazônia,,,,-3.55625,-53.52711,7.0
2024/09/16 17:49:00,AQUA_M-T,Brasil,PARÁ,URUARÁ,Amazônia,,,,-3.55494,-53.51802,67.7
2024/09/16 17:49:00,AQUA_M-T,Brasil,PARÁ,ALTAMIRA,Amazônia,,,,-5.20946,-52.91154,7.2
2024/09/16 17:49:00,AQUA_M-T,Brasil,PARÁ,SÃO FÉLIX DO XINGU,Amazônia,,,,-6.55441,-53.23048,21.0
2024/09/16 17:49:00,AQUA_M-T,Brasil,PARÁ,ALTAMIRA,Amazônia,,,,-6.44505,-53.5595,49.4
2024/09/16 17:49:00,AQUA_M-T,Brasil,PARÁ,ALTAMIRA,Amazônia,,,,-6.44368,-53.5499,76.9
2024/09/16 17:49:00,AQUA_M-T,Brasil,PARÁ,ALTAMIRA,Amazônia,,,,-6.44134,-53.59946,15.1
2024/09/16 17:49:00,AQUA_M-T,Brasil,PARÁ,ALTAMIRA,Amazônia,,,,-6.43057,-53.32803,18.9
2024/09/16 17:49:00,AQUA_M-T,Brasil,PARÁ,SÃO FÉLIX DO XINGU,Amazônia,,,,-6.42099,-53.1316,8.5
2024/09/16 17:49:00,AQUA_M-T,Brasil,PARÁ,ALTAMIRA,Amazônia,,,,-6.42009,-53.31995,34.0
2024/09/16 17:49:00,AQUA_M-T,Brasil,PARÁ,ALTAMIRA,Amazônia,,,,-6.40423,-53.27424,10.7
2024/09/16 17:49:00,AQUA_M-T,Brasil,PARÁ,ALTAMIRA,Amazônia,,,,-6.39513,-53.27558,32.2
2024/09/16 17:49:00,AQUA_M-T,Brasil,PARÁ,ALTAMIRA,Amazônia,,,,-6.36431,-53.63565,12.8
2024/09/16 17:49:00,AQUA_M-T,Brasil,PARÁ,ALTAMIRA,Amazônia,,,,-6.35883,-53.59724,12.2
2024/09/16 17:49:00,AQUA_M-T,Brasil,PARÁ,ALTAMIRA,Amazônia,,,,-6.32979,-53.32918,17.2
2024/09/16 17:49:00,AQUA_M-T,Brasil,PARÁ,ALTAMIRA,Amazônia,,,,-6.31796,-53.31165,14.9
2024/09/16 17:49:00,AQUA_M-T,Brasil,PARÁ,ALTAMIRA,Amazônia,,,,-6.31662,-53.30225,26.9
2024/09/16 17:49:00,AQUA_M-T,Brasil,PARÁ,ALTAMIRA,Amazônia,,,,-6.29221,-53.39243,14.6
2024/09/16 17:49:00,AQUA_M-T,Brasil,PARÁ,ALTAMIRA,Amazônia,,,,-6.29088,-53.38298,16.7
2024/09/16 17:49:00,AQUA_M-T,Brasil,PARÁ,ALTAMIRA,Amazônia,,,,-6.28661,-53.2874,23.3
2024/09/16 17:49:00,AQUA_M-T,Brasil,PARÁ,ALTAMIRA,Amazônia,,,,-6.28394,-53.2686,19.7
2024/09/16 17:49:00,AQUA_M-T,Brasil,PARÁ,ALTAMIRA,Amazônia,,,,-6.28307,-53.39374,18.9
2024/09/16 17:49:00,AQUA_M-T,Brasil,PARÁ,SÃO FÉLIX DO XINGU,Amazônia,,,,-6.2826,-53.25917,36.6
2024/09/16 17:49:00,AQUA_M-T,Brasil,PARÁ,ALTAMIRA,Amazônia,,,,-6.28174,-53.38428,24.5
2024/09/16 17:49:00,AQUA_M-T,Brasil,PARÁ,ALTAMIRA,Amazônia,,,,-6.27884,-53.29808,17.9
2024/09/16 17:49:00,AQUA_M-T,Brasil,PARÁ,ALTAMIRA,Amazônia,,,,-6.27751,-53.2887,78.0
2024/09/16 17:49:00,AQUA_M-T,Brasil,PARÁ,ALTAMIRA,Amazônia,,,,-6.27618,-53.27932,26.5
2024/09/16 17:49:00,AQUA_M-T,Brasil,PARÁ,ALTAMIRA,Amazônia,,,,-6.27127,-53.37614,48.9
2024/09/16 17:49:00,AQUA_M-T,Brasil,PARÁ,ALTAMIRA,Amazônia,,,,-6.22402,-53.30293,35.4
2024/09/16 17:49:00,AQUA_M-T,Brasil,PARÁ,ALTAMIRA,Amazônia,,,,-6.22268,-53.29354,28.4
2024/09/16 17:49:00,AQUA_M-T,Brasil,PARÁ,ALTAMIRA,Amazônia,,,,-6.21879,-53.59469,71.8
2024/09/16 17:49:00,AQUA_M-T,Brasil,PARÁ,ALTAMIRA,Amazônia,,,,-6.21772,-53.65402,13.4
2024/09/16 17:49:00,AQUA_M-T,Brasil,PARÁ,ALTAMIRA,Amazônia,,,,-6.2176,-53.32299,9.1
2024/09/16 17:49:00,AQUA_M-T,Brasil,PARÁ,ALTAMIRA,Amazônia,,,,-6.21744,-53.58508,60.9
2024/09/16 17:49:00,AQUA_M-T,Brasil,PARÁ,ALTAMIRA,Amazônia,,,,-6.20957,-53.59595,36.7
2024/09/16 17:49:00,AQUA_M-T,Brasil,PARÁ,ALTAMIRA,Amazônia,,,,-6.20822,-53.58637,14.8
2024/09/16 17:49:00,AQUA_M-T,Brasil,PARÁ,SÃO FÉLIX DO XINGU,Amazônia,,,,-6.20819,-53.2572,40.0
2024/09/16 17:49:00,AQUA_M-T,Brasil,PARÁ,SÃO FÉLIX DO XINGU,Amazônia,,,,-6.20687,-53.248,24.0
2024/09/16 17:49:00,AQUA_M-T,Brasil,PARÁ,SÃO FÉLIX DO XINGU,Amazônia,,,,-6.19777,-53.24922,25.7
2024/09/16 17:49:00,AQUA_M-T,Brasil,PARÁ,SÃO FÉLIX DO XINGU,Amazônia,,,,-6.17581,-53.29047,12.3
2024/09/16 17:49:00,AQUA_M-T,Brasil,PARÁ,SÃO FÉLIX DO XINGU,Amazônia,,,,-6.17546,-53.1577,10.9
2024/09/16 17:49:00,AQUA_M-T,Brasil,PARÁ,SÃO FÉLIX DO XINGU,Amazônia,,,,-6.17414,-53.14843,19.5
2024/09/16 17:49:00,AQUA_M-T,Brasil,PARÁ,ALTAMIRA,Amazônia,,,,-6.16769,-53.54898,26.0
2024/09/16 17:49:00,AQUA_M-T,Brasil,PARÁ,ALTAMIRA,Amazônia,,,,-6.13875,-53.54332,11.8
2024/09/16 17:49:00,AQUA_M-T,Brasil,PARÁ,ALTAMIRA,Amazônia,,,,-6.13151,-53.69183,20.3
2024/09/16 17:49:00,AQUA_M-T,Brasil,PARÁ,SÃO FÉLIX DO XINGU,Amazônia,,,,-6.58278,-52.97308,26.4
2024/09/16 17:49:00,AQUA_M-T,Brasil,PARÁ,SÃO FÉLIX DO XINGU,Amazônia,,,,-6.57414,-52.98086,11.7
2024/09/16 17:49:00,AQUA_M-T,Brasil,PARÁ,SÃO FÉLIX DO XINGU,Amazônia,,,,-6.31129,-52.94684,13.2
2024/09/16 17:49:00,AQUA_M-T,Brasil,PARÁ,SÃO FÉLIX DO XINGU,Amazônia,,,,-6.28533,-52.95623,10.4
2024/09/16 17:49:00,AQUA_M-T,Brasil,PARÁ,SÃO FÉLIX DO XINGU,Amazônia,,,,-6.27765,-52.96668,12.8
2024/09/16 17:49:00,AQUA_M-T,Brasil,PARÁ,SÃO FÉLIX DO XINGU,Amazônia,,,,-6.27632,-52.9575,36.0
2024/09/16 17:49:00,AQUA_M-T,Brasil,PARÁ,SÃO FÉLIX DO XINGU,Amazônia,,,,-6.27502,-52.94843,23.0
2024/09/16 17:49:00,AQUA_M-T,Brasil,PARÁ,SÃO FÉLIX DO XINGU,Amazônia,,,,-6.23476,-52.79605,6.3
2024/09/16 17:49:00,AQUA_M-T,Brasil,PARÁ,SÃO FÉLIX DO XINGU,Amazônia,,,,-6.22725,-52.87142,23.3
2024/09/16 17:49:00,AQUA_M-T,Brasil,PARÁ,SÃO FÉLIX DO XINGU,Amazônia,,,,-6.22074,-52.82591,13.0
2024/09/16 17:49:00,AQUA_M-T,Brasil,PARÁ,SÃO FÉLIX DO XINGU,Amazônia,,,,-6.21944,-52.81682,36.8
2024/09/16 17:49:00,AQUA_M-T,Brasil,PARÁ,SÃO FÉLIX DO XINGU,Amazônia,,,,-6.1726,-53.07308,13.6
2024/09/16 17:49:00,AQUA_M-T,Brasil,PARÁ,SÃO FÉLIX DO XINGU,Amazônia,,,,-6.17128,-53.06387,32.6
2024/09/16 17:49:00,AQUA_M-T,Brasil,PARÁ,SÃO FÉLIX DO XINGU,Amazônia,,,,-6.16166,-52.86885,78.3
2024/09/16 17:49:00,AQUA_M-T,Brasil,PARÁ,SÃO FÉLIX DO XINGU,Amazônia,,,,-6.16034,-52.85973,57.3
2024/09/16 17:49:00,AQUA_M-T,Brasil,PARÁ,SÃO FÉLIX DO XINGU,Amazônia,,,,-6.145,-52.88047,17.7
2024/09/16 17:49:00,AQUA_M-T,Brasil,PARÁ,SÃO FÉLIX DO XINGU,Amazônia,,,,-6.04824,-52.84449,11.2
2024/09/16 17:49:00,AQUA_M-T,Brasil,PARÁ,ALTAMIRA,Amazônia,,,,-6.07779,-53.56849,11.6
2024/09/16 17:49:00,AQUA_M-T,Brasil,PARÁ,ALTAMIRA,Amazônia,,,,-6.07723,-53.69633,14.9
2024/09/16 17:49:00,AQUA_M-T,Brasil,PARÁ,ALTAMIRA,Amazônia,,,,-6.07584,-53.68661,77.6
2024/09/16 17:49:00,AQUA_M-T,Brasil,PARÁ,ALTAMIRA,Amazônia,,,,-6.06107,-53.64886,17.9
2024/09/16 17:49:00,AQUA_M-T,Brasil,PARÁ,ALTAMIRA,Amazônia,,,,-6.05973,-53.63945,9.9
2024/09/16 17:49:00,AQUA_M-T,Brasil,PARÁ,ALTAMIRA,Amazônia,,,,-6.0584,-53.63003,11.6
2024/09/16 17:49:00,AQUA_M-T,Brasil,PARÁ,ALTAMIRA,Amazônia,,,,-6.05663,-53.8183,12.0
2024/09/16 17:49:00,AQUA_M-T,Brasil,PARÁ,ALTAMIRA,Amazônia,,,,-6.03804,-53.48664,10.4
2024/09/16 17:49:00,AQUA_M-T,Brasil,PARÁ,SÃO FÉLIX DO XINGU,Amazônia,,,,-6.03178,-53.24755,20.5
2024/09/16 17:49:00,AQUA_M-T,Brasil,PARÁ,SÃO FÉLIX DO XINGU,Amazônia,,,,-6.03046,-53.23832,42.5
2024/09/16 17:49:00,AQUA_M-T,Brasil,PARÁ,ALTAMIRA,Amazônia,,,,-6.02466,-53.64027,8.5
2024/09/16 17:49:00,AQUA_M-T,Brasil,PARÁ,ALTAMIRA,Amazônia,,,,-5.99306,-53.30087,20.7
2024/09/16 17:49:00,AQUA_M-T,Brasil,PARÁ,ALTAMIRA,Amazônia,,,,-5.97282,-53.54052,14.6
2024/09/16 17:49:00,AQUA_M-T,Brasil,PARÁ,ALTAMIRA,Amazônia,,,,-5.97146,-53.53102,29.4
2024/09/16 17:49:00,AQUA_M-T,Brasil,PARÁ,ALTAMIRA,Amazônia,,,,-5.95624,-53.35963,11.7
2024/09/16 17:49:00,AQUA_M-T,Brasil,PARÁ,ALTAMIRA,Amazônia,,,,-5.9377,-53.62328,12.1
2024/09/16 17:49:00,AQUA_M-T,Brasil,PARÁ,ALTAMIRA,Amazônia,,,,-5.93115,-53.69986,12.8
2024/09/16 17:49:00,AQUA_M-T,Brasil,PARÁ,ALTAMIRA,Amazônia,,,,-5.89699,-53.72446,8.6
2024/09/16 17:49:00,AQUA_M-T,Brasil,PARÁ,ALTAMIRA,Amazônia,,,,-5.88776,-53.72584,13.0
2024/09/16 17:49:00,AQUA_M-T,Brasil,PARÁ,ALTAMIRA,Amazônia,,,,-5.83936,-53.69882,21.3
2024/09/16 17:49:00,AQUA_M-T,Brasil,PARÁ,ALTAMIRA,Amazônia,,,,-5.83793,-53.68892,14.5
2024/09/16 17:49:00,AQUA_M-T,Brasil,PARÁ,ALTAMIRA,Amazônia,,,,-5.83761,-53.81802,26.0
2024/09/16 17:49:00,AQUA_M-T,Brasil,PARÁ,ALTAMIRA,Amazônia,,,,-5.83621,-53.80824,10.3
2024/09/16 17:49:00,AQUA_M-T,Brasil,PARÁ,ALTAMIRA,Amazônia,,,,-5.83529,-53.42212,10.0
2024/09/16 17:49:00,AQUA_M-T,Brasil,PARÁ,ALTAMIRA,Amazônia,,,,-5.83396,-53.41274,39.4
2024/09/16 17:49:00,AQUA_M-T,Brasil,PARÁ,ALTAMIRA,Amazônia,,,,-5.83262,-53.40332,20.3
2024/09/16 17:49:00,AQUA_M-T,Brasil,PARÁ,ALTAMIRA,Amazônia,,,,-5.82971,-53.82894,17.1
2024/09/16 17:49:00,AQUA_M-T,Brasil,PARÁ,ALTAMIRA,Amazônia,,,,-5.82484,-53.41405,15.9
2024/09/16 17:49:00,AQUA_M-T,Brasil,PARÁ,ALTAMIRA,Amazônia,,,,-5.79425,-53.38584,20.1
2024/09/16 17:49:00,AQUA_M-T,Brasil,PARÁ,ALTAMIRA,Amazônia,,,,-5.78515,-53.38716,14.1
2024/09/16 17:49:00,AQUA_M-T,Brasil,PARÁ,ALTAMIRA,Amazônia,,,,-5.78245,-53.36841,20.7
2024/09/16 17:49:00,AQUA_M-T,Brasil,PARÁ,ALTAMIRA,Amazônia,,,,-5.76427,-53.37105,14.5
2024/09/16 17:49:00,AQUA_M-T,Brasil,PARÁ,ALTAMIRA,Amazônia,,,,-5.73937,-53.58332,13.6
2024/09/16 17:49:00,AQUA_M-T,Brasil,PARÁ,ALTAMIRA,Amazônia,,,,-5.69557,-53.47366,102.6
2024/09/16 17:49:00,AQUA_M-T,Brasil,PARÁ,ALTAMIRA,Amazônia,,,,-5.69421,-53.46423,138.9
2024/09/16 17:49:00,AQUA_M-T,Brasil,PARÁ,ALTAMIRA,Amazônia,,,,-5.67868,-53.48581,10.4
2024/09/16 17:49:00,AQUA_M-T,Brasil,PARÁ,ALTAMIRA,Amazônia,,,,-5.65553,-53.58564,78.7
2024/09/16 17:49:00,AQUA_M-T,Brasil,PARÁ,ALTAMIRA,Amazônia,,,,-5.65421,-53.57629,34.6
2024/09/16 17:49:00,AQUA_M-T,Brasil,PARÁ,ALTAMIRA,Amazônia,,,,-5.64905,-53.59228,9.4
2024/09/16 17:49:00,AQUA_M-T,Brasil,PARÁ,ALTAMIRA,Amazônia,,,,-5.64769,-53.58286,47.0
2024/09/16 17:49:00,AQUA_M-T,Brasil,PARÁ,ALTAMIRA,Amazônia,,,,-5.58685,-53.74786,50.8
2024/09/16 17:49:00,AQUA_M-T,Brasil,PARÁ,ALTAMIRA,Amazônia,,,,-5.57855,-53.7458,22.7
2024/09/16 17:49:00,AQUA_M-T,Brasil,PARÁ,ALTAMIRA,Amazônia,,,,-6.89202,-53.59296,11.7
2024/09/16 17:49:00,AQUA_M-T,Brasil,PARÁ,SÃO FÉLIX DO XINGU,Amazônia,,,,-7.10742,-53.03722,15.2
2024/09/16 17:49:00,AQUA_M-T,Brasil,PARÁ,SÃO FÉLIX DO XINGU,Amazônia,,,,-7.09703,-53.02934,23.7
2024/09/16 17:49:00,AQUA_M-T,Brasil,PARÁ,SÃO FÉLIX DO XINGU,Amazônia,,,,-7.08797,-53.03072,11.8
2024/09/16 17:49:00,AQUA_M-T,Brasil,PARÁ,ALTAMIRA,Amazônia,,,,-6.67515,-53.42848,7.6
2024/09/16 17:49:00,AQUA_M-T,Brasil,PARÁ,ALTAMIRA,Amazônia,,,,-6.67116,-53.65362,8.5
2024/09/16 17:49:00,AQUA_M-T,Brasil,PARÁ,ALTAMIRA,Amazônia,,,,-6.66976,-53.64385,11.2
2024/09/16 17:49:00,AQUA_M-T,Brasil,PARÁ,SÃO FÉLIX DO XINGU,Amazônia,,,,-6.65956,-53.12294,12.6
2024/09/16 17:49:00,AQUA_M-T,Brasil,PARÁ,ALTAMIRA,Amazônia,,,,-6.64931,-53.56733,13.1
2024/09/16 17:49:00,AQUA_M-T,Brasil,PARÁ,SÃO FÉLIX DO XINGU,Amazônia,,,,-6.62835,-53.09888,9.4
2024/09/16 17:49:00,AQUA_M-T,Brasil,PARÁ,SÃO FÉLIX DO XINGU,Amazônia,,,,-6.59185,-53.16776,24.3
2024/09/16 17:49:00,AQUA_M-T,Brasil,PARÁ,SÃO FÉLIX DO XINGU,Amazônia,,,,-6.58681,-53.19721,10.8
2024/09/16 17:49:00,AQUA_M-T,Brasil,PARÁ,SÃO FÉLIX DO XINGU,Amazônia,,,,-6.57398,-53.23738,23.3
2024/09/16 17:49:00,AQUA_M-T,Brasil,PARÁ,SÃO FÉLIX DO XINGU,Amazônia,,,,-6.55603,-53.30745,29.4
2024/09/16 17:49:00,AQUA_M-T,Brasil,PARÁ,SÃO FÉLIX DO XINGU,Amazônia,,,,-6.5547,-53.29802,49.5
2024/09/16 17:49:00,AQUA_M-T,Brasil,PARÁ,ALTAMIRA,Amazônia,,,,-6.54191,-53.39249,18.3
2024/09/16 17:49:00,AQUA_M-T,Brasil,PARÁ,SÃO FÉLIX DO XINGU,Amazônia,,,,-7.01711,-53.04631,12.8
2024/09/16 17:49:00,AQUA_M-T,Brasil,PARÁ,SÃO FÉLIX DO XINGU,Amazônia,,,,-6.69237,-52.9704,8.4
2024/09/16 17:49:00,AQUA_M-T,Brasil,PARÁ,SÃO FÉLIX DO XINGU,Amazônia,,,,-6.66432,-53.02732,25.2
2024/09/16 17:49:00,AQUA_M-T,Brasil,PARÁ,SÃO FÉLIX DO XINGU,Amazônia,,,,-6.65633,-52.97185,15.4
2024/09/16 17:49:00,AQUA_M-T,Brasil,PARÁ,SÃO FÉLIX DO XINGU,Amazônia,,,,-6.64464,-52.95465,21.8
2024/09/16 17:49:00,AQUA_M-T,Brasil,PARÁ,SÃO FÉLIX DO XINGU,Amazônia,,,,-6.62549,-53.01406,20.1
2024/09/16 17:49:00,AQUA_M-T,Brasil,PARÁ,SÃO FÉLIX DO XINGU,Amazônia,,,,-6.60344,-52.98877,10.5
2024/09/16 17:47:00,AQUA_M-T,Brasil,PARÁ,NOVO PROGRESSO,Amazônia,,,,-9.17938,-54.6802,10.6
2024/09/16 17:47:00,AQUA_M-T,Brasil,PARÁ,ALTAMIRA,Amazônia,,,,-8.49359,-54.82005,10.8
2024/09/16 17:47:00,AQUA_M-T,Brasil,PARÁ,ALTAMIRA,Amazônia,,,,-8.4915,-54.65185,15.2
2024/09/16 17:47:00,AQUA_M-T,Brasil,PARÁ,ALTAMIRA,Amazônia,,,,-8.48616,-54.68818,40.3
2024/09/16 17:47:00,AQUA_M-T,Brasil,PARÁ,ALTAMIRA,Amazônia,,,,-8.48458,-54.67649,139.2
2024/09/16 17:47:00,AQUA_M-T,Brasil,PARÁ,ALTAMIRA,Amazônia,,,,-8.48358,-54.81586,17.2
2024/09/16 17:47:00,AQUA_M-T,Brasil,PARÁ,ALTAMIRA,Amazônia,,,,-8.48144,-54.65327,349.1
2024/09/16 17:47:00,AQUA_M-T,Brasil,PARÁ,ALTAMIRA,Amazônia,,,,-8.47987,-54.64167,233.9
2024/09/16 17:47:00,AQUA_M-T,Brasil,PARÁ,ALTAMIRA,Amazônia,,,,-8.47925,-54.71317,25.6
2024/09/16 17:47:00,AQUA_M-T,Brasil,PARÁ,ALTAMIRA,Amazônia,,,,-8.47872,-54.70779,32.6
2024/09/16 17:47:00,AQUA_M-T,Brasil,PARÁ,ALTAMIRA,Amazônia,,,,-8.47765,-54.70131,83.1
2024/09/16 17:47:00,AQUA_M-T,Brasil,PARÁ,ALTAMIRA,Amazônia,,,,-8.47706,-54.69602,75.7
2024/09/16 17:47:00,AQUA_M-T,Brasil,PARÁ,ALTAMIRA,Amazônia,,,,-8.47607,-54.68959,140.2
2024/09/16 17:47:00,AQUA_M-T,Brasil,PARÁ,ALTAMIRA,Amazônia,,,,-8.47541,-54.68434,133.3
2024/09/16 17:47:00,AQUA_M-T,Brasil,PARÁ,ALTAMIRA,Amazônia,,,,-8.4745,-54.67791,155.2
2024/09/16 17:47:00,AQUA_M-T,Brasil,PARÁ,ALTAMIRA,Amazônia,,,,-8.47377,-54.67273,82.6
2024/09/16 17:47:00,AQUA_M-T,Brasil,PARÁ,ALTAMIRA,Amazônia,,,,-8.47359,-54.74458,30.3
2024/09/16 17:47:00,AQUA_M-T,Brasil,PARÁ,ALTAMIRA,Amazônia,,,,-8.47294,-54.6663,31.6
2024/09/16 17:47:00,AQUA_M-T,Brasil,PARÁ,ALTAMIRA,Amazônia,,,,-8.47214,-54.66112,10.9
2024/09/16 17:47:00,AQUA_M-T,Brasil,PARÁ,ALTAMIRA,Amazônia,,,,-8.47193,-54.73278,120.1
2024/09/16 17:47:00,AQUA_M-T,Brasil,PARÁ,ALTAMIRA,Amazônia,,,,-8.47029,-54.72107,124.7
2024/09/16 17:47:00,AQUA_M-T,Brasil,PARÁ,ALTAMIRA,Amazônia,,,,-8.46698,-54.69749,81.9
2024/09/16 17:47:00,AQUA_M-T,Brasil,PARÁ,ALTAMIRA,Amazônia,,,,-8.46533,-54.68574,40.1
2024/09/16 17:47:00,AQUA_M-T,Brasil,PARÁ,ALTAMIRA,Amazônia,,,,-8.46346,-54.74598,17.0
2024/09/16 17:47:00,AQUA_M-T,Brasil,PARÁ,ALTAMIRA,Amazônia,,,,-8.46182,-54.73424,17.2
2024/09/16 17:47:00,AQUA_M-T,Brasil,PARÁ,ALTAMIRA,Amazônia,,,,-8.46019,-54.72251,32.4
2024/09/16 17:47:00,AQUA_M-T,Brasil,PARÁ,ALTAMIRA,Amazônia,,,,-8.45854,-54.7107,55.5
2024/09/16 17:47:00,AQUA_M-T,Brasil,PARÁ,ALTAMIRA,Amazônia,,,,-8.4569,-54.69896,155.6
2024/09/16 17:47:00,AQUA_M-T,Brasil,PARÁ,ALTAMIRA,Amazônia,,,,-8.45524,-54.6871,18.0
2024/09/16 17:47:00,AQUA_M-T,Brasil,PARÁ,ALTAMIRA,Amazônia,,,,-8.45008,-54.72393,88.3
2024/09/16 17:47:00,AQUA_M-T,Brasil,PARÁ,ALTAMIRA,Amazônia,,,,-8.44844,-54.71215,47.3
2024/09/16 17:47:00,AQUA_M-T,Brasil,PARÁ,ALTAMIRA,Amazônia,,,,-8.20784,-54.06724,6.1
2024/09/16 17:47:00,AQUA_M-T,Brasil,PARÁ,ALTAMIRA,Amazônia,,,,-8.20343,-54.06378,5.3
2024/09/16 17:47:00,AQUA_M-T,Brasil,PARÁ,NOVO PROGRESSO,Amazônia,,,,-9.45699,-55.00151,11.5
2024/09/16 17:47:00,AQUA_M-T,Brasil,PARÁ,ALTAMIRA,Amazônia,,,,-9.48423,-54.60158,15.9
2024/09/16 17:49:00,AQUA_M-T,Brasil,PARÁ,MONTE ALEGRE,Amazônia,,,,-1.61035,-53.90709,7.0
2024/09/16 17:49:00,AQUA_M-T,Brasil,PARÁ,MONTE ALEGRE,Amazônia,,,,-1.08862,-54.18721,16.7
2024/09/16 17:49:00,AQUA_M-T,Brasil,PARÁ,MONTE ALEGRE,Amazônia,,,,-1.07959,-54.18848,30.9
2024/09/16 17:49:00,AQUA_M-T,Brasil,PARÁ,MONTE ALEGRE,Amazônia,,,,-1.0777,-54.04893,9.4
2024/09/16 17:49:00,AQUA_M-T,Brasil,PARÁ,URUARÁ,Amazônia,,,,-2.95961,-54.06257,15.9
2024/09/16 17:49:00,AQUA_M-T,Brasil,PARÁ,MOJUÍ DOS CAMPOS,Amazônia,,,,-2.86625,-54.56834,9.5
2024/09/16 17:49:00,AQUA_M-T,Brasil,PARÁ,SANTARÉM,Amazônia,,,,-2.64585,-54.31592,26.8
2024/09/16 17:49:00,AQUA_M-T,Brasil,PARÁ,SANTARÉM,Amazônia,,,,-2.64448,-54.30638,108.2
2024/09/16 17:49:00,AQUA_M-T,Brasil,PARÁ,SANTARÉM,Amazônia,,,,-2.63667,-54.31726,70.8
2024/09/16 17:49:00,AQUA_M-T,Brasil,PARÁ,SANTARÉM,Amazônia,,,,-2.63531,-54.30774,377.3
2024/09/16 17:49:00,AQUA_M-T,Brasil,PARÁ,PLACAS,Amazônia,,,,-3.53835,-54.48842,14.9
2024/09/16 17:49:00,AQUA_M-T,Brasil,PARÁ,URUARÁ,Amazônia,,,,-3.26035,-54.16438,14.9
2024/09/16 17:49:00,AQUA_M-T,Brasil,PARÁ,URUARÁ,Amazônia,,,,-3.25116,-54.16568,11.9
2024/09/16 17:49:00,AQUA_M-T,Brasil,PARÁ,URUARÁ,Amazônia,,,,-3.24981,-54.15614,135.3
2024/09/16 17:49:00,AQUA_M-T,Brasil,PARÁ,URUARÁ,Amazônia,,,,-3.20049,-53.93916,9.1
2024/09/16 17:49:00,AQUA_M-T,Brasil,PARÁ,MOJUÍ DOS CAMPOS,Amazônia,,,,-3.0617,-54.78174,10.8
2024/09/16 17:49:00,AQUA_M-T,Brasil,PARÁ,URUARÁ,Amazônia,,,,-3.03723,-53.89226,9.7
2024/09/16 17:49:00,AQUA_M-T,Brasil,PARÁ,URUARÁ,Amazônia,,,,-3.0359,-53.88298,30.6
2024/09/16 17:49:00,AQUA_M-T,Brasil,PARÁ,RURÓPOLIS,Amazônia,,,,-4.5217,-54.98977,10.6
2024/09/16 17:49:00,AQUA_M-T,Brasil,PARÁ,RURÓPOLIS,Amazônia,,,,-4.52016,-54.97891,18.9
2024/09/16 17:49:00,AQUA_M-T,Brasil,PARÁ,RURÓPOLIS,Amazônia,,,,-4.40579,-55.03522,29.0
2024/09/16 17:49:00,AQUA_M-T,Brasil,PARÁ,RURÓPOLIS,Amazônia,,,,-4.40425,-55.02425,14.8
2024/09/16 17:49:00,AQUA_M-T,Brasil,PARÁ,RURÓPOLIS,Amazônia,,,,-4.30397,-55.33243,22.8
2024/09/16 17:49:00,AQUA_M-T,Brasil,PARÁ,RURÓPOLIS,Amazônia,,,,-4.2651,-55.20118,31.3
2024/09/16 17:49:00,AQUA_M-T,Brasil,PARÁ,RURÓPOLIS,Amazônia,,,,-4.26353,-55.1901,80.0
2024/09/16 17:49:00,AQUA_M-T,Brasil,PARÁ,RURÓPOLIS,Amazônia,,,,-4.26198,-55.17919,33.5
2024/09/16 17:49:00,AQUA_M-T,Brasil,PARÁ,RURÓPOLIS,Amazônia,,,,-4.25374,-55.19169,15.6
2024/09/16 17:49:00,AQUA_M-T,Brasil,PARÁ,RURÓPOLIS,Amazônia,,,,-4.11119,-55.04118,15.8
2024/09/16 17:49:00,AQUA_M-T,Brasil,PARÁ,URUARÁ,Amazônia,,,,-4.09351,-53.99862,68.4
2024/09/16 17:49:00,AQUA_M-T,Brasil,PARÁ,URUARÁ,Amazônia,,,,-4.09215,-53.98915,17.7
2024/09/16 17:49:00,AQUA_M-T,Brasil,PARÁ,AVEIRO,Amazônia,,,,-4.06423,-55.36783,10.8
2024/09/16 17:49:00,AQUA_M-T,Brasil,PARÁ,PLACAS,Amazônia,,,,-3.72355,-54.56117,13.7
2024/09/16 17:49:00,AQUA_M-T,Brasil,PARÁ,ALTAMIRA,Amazônia,,,,-6.50617,-55.14283,17.8
2024/09/16 17:49:00,AQUA_M-T,Brasil,PARÁ,NOVO PROGRESSO,Amazônia,,,,-6.44624,-55.51328,27.9
2024/09/16 17:49:00,AQUA_M-T,Brasil,PARÁ,ITAITUBA,Amazônia,,,,-6.3085,-55.84197,8.1
2024/09/16 17:49:00,AQUA_M-T,Brasil,PARÁ,ITAITUBA,Amazônia,,,,-6.29498,-55.3174,25.7
2024/09/16 17:49:00,AQUA_M-T,Brasil,PARÁ,ITAITUBA,Amazônia,,,,-6.29331,-55.3053,31.4
2024/09/16 17:49:00,AQUA_M-T,Brasil,PARÁ,ITAITUBA,Amazônia,,,,-6.2005,-55.44649,114.0
2024/09/16 17:49:00,AQUA_M-T,Brasil,PARÁ,ITAITUBA,Amazônia,,,,-6.19885,-55.43445,88.6
2024/09/16 17:49:00,AQUA_M-T,Brasil,PARÁ,ITAITUBA,Amazônia,,,,-6.19124,-55.44204,96.0
2024/09/16 17:49:00,AQUA_M-T,Brasil,PARÁ,ITAITUBA,Amazônia,,,,-6.19025,-55.44818,40.8
2024/09/16 17:49:00,AQUA_M-T,Brasil,PARÁ,ITAITUBA,Amazônia,,,,-6.18948,-55.4298,15.9
2024/09/16 17:49:00,AQUA_M-T,Brasil,PARÁ,ITAITUBA,Amazônia,,,,-6.18857,-55.43584,46.0
2024/09/16 17:49:00,AQUA_M-T,Brasil,PARÁ,ITAITUBA,Amazônia,,,,-6.16216,-55.45873,15.3
2024/09/16 17:49:00,AQUA_M-T,Brasil,PARÁ,ITAITUBA,Amazônia,,,,-6.16044,-55.44654,19.8
2024/09/16 17:49:00,AQUA_M-T,Brasil,PARÁ,ITAITUBA,Amazônia,,,,-6.04931,-55.45545,16.5
2024/09/16 17:49:00,AQUA_M-T,Brasil,PARÁ,ITAITUBA,Amazônia,,,,-6.04767,-55.44366,46.8
2024/09/16 17:49:00,AQUA_M-T,Brasil,PARÁ,ITAITUBA,Amazônia,,,,-5.98009,-55.69854,16.4
2024/09/16 17:49:00,AQUA_M-T,Brasil,PARÁ,ITAITUBA,Amazônia,,,,-5.97836,-55.68605,22.9
2024/09/16 17:49:00,AQUA_M-T,Brasil,PARÁ,ITAITUBA,Amazônia,,,,-5.88265,-55.50369,14.5
2024/09/16 17:49:00,AQUA_M-T,Brasil,PARÁ,ITAITUBA,Amazônia,,,,-5.88093,-55.49147,107.2
2024/09/16 17:49:00,AQUA_M-T,Brasil,PARÁ,ITAITUBA,Amazônia,,,,-5.87922,-55.47931,14.3
2024/09/16 17:47:00,AQUA_M-T,Brasil,PARÁ,NOVO PROGRESSO,Amazônia,,,,-7.56597,-55.1277,12.3
2024/09/16 17:47:00,AQUA_M-T,Brasil,PARÁ,ALTAMIRA,Amazônia,,,,-7.51079,-54.95237,14.6
2024/09/16 17:47:00,AQUA_M-T,Brasil,PARÁ,ALTAMIRA,Amazônia,,,,-7.43204,-54.969,18.8
2024/09/16 17:47:00,AQUA_M-T,Brasil,PARÁ,ALTAMIRA,Amazônia,,,,-7.43041,-54.95706,27.7
2024/09/16 17:49:00,AQUA_M-T,Brasil,PARÁ,ALTAMIRA,Amazônia,,,,-7.15136,-55.08778,9.9
2024/09/16 17:49:00,AQUA_M-T,Brasil,PARÁ,ALTAMIRA,Amazônia,,,,-7.03886,-55.07961,18.4
2024/09/16 17:49:00,AQUA_M-T,Brasil,PARÁ,ALTAMIRA,Amazônia,,,,-7.02872,-55.08106,47.8
2024/09/16 17:49:00,AQUA_M-T,Brasil,PARÁ,ALTAMIRA,Amazônia,,,,-7.02706,-55.06926,54.2
2024/09/16 17:49:00,AQUA_M-T,Brasil,PARÁ,ALTAMIRA,Amazônia,,,,-7.01691,-55.0706,17.9
2024/09/16 17:49:00,AQUA_M-T,Brasil,PARÁ,ALTAMIRA,Amazônia,,,,-6.9275,-55.23446,13.5
2024/09/16 17:49:00,AQUA_M-T,Brasil,PARÁ,NOVO PROGRESSO,Amazônia,,,,-6.91727,-55.23596,11.1
2024/09/16 17:49:00,AQUA_M-T,Brasil,PARÁ,NOVO PROGRESSO,Amazônia,,,,-6.87872,-55.24809,10.7
2024/09/16 17:49:00,AQUA_M-T,Brasil,PARÁ,NOVO PROGRESSO,Amazônia,,,,-6.83395,-55.81186,61.0
2024/09/16 17:49:00,AQUA_M-T,Brasil,PARÁ,ALTAMIRA,Amazônia,,,,-6.71808,-54.97562,26.8
2024/09/16 17:49:00,AQUA_M-T,Brasil,PARÁ,ALTAMIRA,Amazônia,,,,-6.70806,-54.97704,15.6
2024/09/16 17:49:00,AQUA_M-T,Brasil,PARÁ,ALTAMIRA,Amazônia,,,,-6.70646,-54.96556,19.5
2024/09/16 17:49:00,AQUA_M-T,Brasil,PARÁ,ALTAMIRA,Amazônia,,,,-6.68489,-55.10546,20.1
2024/09/16 17:49:00,AQUA_M-T,Brasil,PARÁ,ALTAMIRA,Amazônia,,,,-6.68308,-55.16555,22.8
2024/09/16 17:49:00,AQUA_M-T,Brasil,PARÁ,ALTAMIRA,Amazônia,,,,-6.68142,-55.15379,17.3
2024/09/16 17:49:00,AQUA_M-T,Brasil,PARÁ,NOVO PROGRESSO,Amazônia,,,,-6.51601,-55.58672,20.3
2024/09/16 17:49:00,AQUA_M-T,Brasil,PARÁ,NOVO PROGRESSO,Amazônia,,,,-6.51426,-55.57401,25.0
2024/09/16 17:47:00,AQUA_M-T,Brasil,PARÁ,ALTAMIRA,Amazônia,,,,-7.70054,-54.77089,55.9
2024/09/16 17:47:00,AQUA_M-T,Brasil,PARÁ,ALTAMIRA,Amazônia,,,,-7.69575,-54.73632,13.9
2024/09/16 17:47:00,AQUA_M-T,Brasil,PARÁ,JACAREACANGA,Amazônia,,,,-9.29403,-56.45795,77.7
2024/09/16 17:47:00,AQUA_M-T,Brasil,PARÁ,JACAREACANGA,Amazônia,,,,-9.29196,-56.4421,20.3
2024/09/16 17:47:00,AQUA_M-T,Brasil,PARÁ,ALTAMIRA,Amazônia,,,,-8.48147,-55.02641,408.0
2024/09/16 17:47:00,AQUA_M-T,Brasil,PARÁ,ALTAMIRA,Amazônia,,,,-8.47978,-55.01414,754.7
2024/09/16 17:47:00,AQUA_M-T,Brasil,PARÁ,ALTAMIRA,Amazônia,,,,-8.47809,-55.00187,52.9
2024/09/16 17:47:00,AQUA_M-T,Brasil,PARÁ,ALTAMIRA,Amazônia,,,,-8.47115,-55.02794,171.2
2024/09/16 17:47:00,AQUA_M-T,Brasil,PARÁ,ALTAMIRA,Amazônia,,,,-8.46947,-55.01561,271.9
2024/09/16 17:47:00,AQUA_M-T,Brasil,PARÁ,NOVO PROGRESSO,Amazônia,,,,-8.27001,-55.56982,10.6
2024/09/16 17:47:00,AQUA_M-T,Brasil,PARÁ,NOVO PROGRESSO,Amazônia,,,,-8.12542,-55.34353,11.9
2024/09/16 17:47:00,AQUA_M-T,Brasil,PARÁ,ALTAMIRA,Amazônia,,,,-8.4086,-54.87502,7.5
2024/09/16 17:47:00,AQUA_M-T,Brasil,PARÁ,ALTAMIRA,Amazônia,,,,-8.39631,-54.84566,9.0
2024/09/16 17:49:00,AQUA_M-T,Brasil,PARÁ,ÓBIDOS,Amazônia,,,,-1.85578,-55.45887,17.2
2024/09/16 17:49:00,AQUA_M-T,Brasil,PARÁ,ÓBIDOS,Amazônia,,,,-1.85423,-55.44828,15.1
2024/09/16 17:49:00,AQUA_M-T,Brasil,PARÁ,ÓBIDOS,Amazônia,,,,-1.78161,-55.58511,10.9
2024/09/16 17:49:00,AQUA_M-T,Brasil,PARÁ,ÓBIDOS,Amazônia,,,,-1.77346,-55.59729,17.4
2024/09/16 17:49:00,AQUA_M-T,Brasil,PARÁ,ÓBIDOS,Amazônia,,,,-1.77189,-55.58655,77.1
2024/09/16 17:49:00,AQUA_M-T,Brasil,PARÁ,ORIXIMINÁ,Amazônia,,,,-1.72118,-56.07616,10.4
2024/09/16 17:49:00,AQUA_M-T,Brasil,PARÁ,ORIXIMINÁ,Amazônia,,,,-1.71952,-56.06469,61.1
2024/09/16 17:49:00,AQUA_M-T,Brasil,PARÁ,ALENQUER,Amazônia,,,,-1.69297,-55.04665,9.6
2024/09/16 17:49:00,AQUA_M-T,Brasil,PARÁ,CURUÁ,Amazônia,,,,-1.664,-55.11263,10.0
2024/09/16 17:49:00,AQUA_M-T,Brasil,PARÁ,CURUÁ,Amazônia,,,,-1.656,-55.12412,14.5
2024/09/16 17:49:00,AQUA_M-T,Brasil,PARÁ,CURUÁ,Amazônia,,,,-1.65455,-55.11401,77.3
2024/09/16 17:49:00,AQUA_M-T,Brasil,PARÁ,ORIXIMINÁ,Amazônia,,,,-1.50802,-55.94517,11.1
2024/09/16 17:49:00,AQUA_M-T,Brasil,PARÁ,TRAIRÃO,Amazônia,,,,-5.03102,-56.37709,7.0
2024/09/16 17:49:00,AQUA_M-T,Brasil,PARÁ,TRAIRÃO,Amazônia,,,,-5.02001,-56.29632,13.5
2024/09/16 17:49:00,AQUA_M-T,Brasil,PARÁ,TRAIRÃO,Amazônia,,,,-4.96916,-55.90115,11.1
2024/09/16 17:49:00,AQUA_M-T,Brasil,PARÁ,TRAIRÃO,Amazônia,,,,-4.9587,-56.28353,111.3
2024/09/16 17:49:00,AQUA_M-T,Brasil,PARÁ,TRAIRÃO,Amazônia,,,,-4.94801,-56.28527,31.3
2024/09/16 17:49:00,AQUA_M-T,Brasil,PARÁ,TRAIRÃO,Amazônia,,,,-4.79172,-55.89351,9.4
2024/09/16 17:49:00,AQUA_M-T,Brasil,PARÁ,TRAIRÃO,Amazônia,,,,-4.74006,-55.88255,15.5
2024/09/16 17:49:00,AQUA_M-T,Brasil,PARÁ,TRAIRÃO,Amazônia,,,,-4.72987,-56.22664,21.1
2024/09/16 17:49:00,AQUA_M-T,Brasil,PARÁ,TRAIRÃO,Amazônia,,,,-4.67813,-56.16726,19.5
2024/09/16 17:49:00,AQUA_M-T,Brasil,PARÁ,TRAIRÃO,Amazônia,,,,-4.56851,-55.9698,23.3
2024/09/16 17:49:00,AQUA_M-T,Brasil,PARÁ,TRAIRÃO,Amazônia,,,,-4.56674,-55.95734,56.5
2024/09/16 17:49:00,AQUA_M-T,Brasil,PARÁ,ITAITUBA,Amazônia,,,,-4.33894,-56.29291,25.1
2024/09/16 17:49:00,AQUA_M-T,Brasil,PARÁ,ITAITUBA,Amazônia,,,,-4.31797,-55.92245,14.6
2024/09/16 17:49:00,AQUA_M-T,Brasil,PARÁ,ITAITUBA,Amazônia,,,,-4.27137,-55.74403,12.1
2024/09/16 17:49:00,AQUA_M-T,Brasil,PARÁ,RURÓPOLIS,Amazônia,,,,-4.2113,-55.46692,20.0
2024/09/16 17:49:00,AQUA_M-T,Brasil,PARÁ,RURÓPOLIS,Amazônia,,,,-4.15457,-55.64675,30.3
2024/09/16 17:49:00,AQUA_M-T,Brasil,PARÁ,AVEIRO,Amazônia,,,,-4.03102,-55.49348,11.8
2024/09/16 17:49:00,AQUA_M-T,Brasil,PARÁ,ITAITUBA,Amazônia,,,,-6.47356,-56.02204,15.0
2024/09/16 17:49:00,AQUA_M-T,Brasil,PARÁ,ITAITUBA,Amazônia,,,,-6.45194,-55.94353,13.7
2024/09/16 17:49:00,AQUA_M-T,Brasil,PARÁ,ITAITUBA,Amazônia,,,,-6.27502,-55.91309,20.0
2024/09/16 17:49:00,AQUA_M-T,Brasil,PARÁ,ITAITUBA,Amazônia,,,,-5.47357,-57.09664,21.0
2024/09/16 17:49:00,AQUA_M-T,Brasil,PARÁ,TRAIRÃO,Amazônia,,,,-5.1648,-56.0562,18.3
2024/09/16 17:49:00,AQUA_M-T,Brasil,PARÁ,TRAIRÃO,Amazônia,,,,-5.1363,-56.0074,21.5
2024/09/16 17:49:00,AQUA_M-T,Brasil,PARÁ,ITAITUBA,Amazônia,,,,-6.70944,-56.74586,13.7
2024/09/16 17:49:00,AQUA_M-T,Brasil,PARÁ,JACAREACANGA,Amazônia,,,,-6.18786,-57.79434,28.4
2024/09/16 17:49:00,AQUA_M-T,Brasil,PARÁ,JACAREACANGA,Amazônia,,,,-6.18539,-57.77621,173.7
2024/09/16 17:49:00,AQUA_M-T,Brasil,PARÁ,JACAREACANGA,Amazônia,,,,-6.17548,-57.79596,28.6
2024/09/16 17:49:00,AQUA_M-T,Brasil,PARÁ,JACAREACANGA,Amazônia,,,,-6.17305,-57.77796,95.9
2024/09/16 17:49:00,AQUA_M-T,Brasil,PARÁ,JACAREACANGA,Amazônia,,,,-6.12057,-57.79196,107.2
2024/09/16 17:49:00,AQUA_M-T,Brasil,PARÁ,CURRALINHO,Amazônia,,,,-1.67535,-49.85349,18.7
2024/09/16 17:49:00,AQUA_M-T,Brasil,PARÁ,CURRALINHO,Amazônia,,,,-1.60926,-49.95871,14.6
2024/09/16 17:49:00,AQUA_M-T,Brasil,PARÁ,MUANÁ,Amazônia,,,,-1.41288,-49.31571,27.6
2024/09/16 17:49:00,AQUA_M-T,Brasil,PARÁ,CACHOEIRA DO ARARI,Amazônia,,,,-1.00979,-48.81291,35.2
2024/09/16 17:49:00,AQUA_M-T,Brasil,PARÁ,PONTA DE PEDRAS,Amazônia,,,,-0.9318,-49.05685,16.2
2024/09/16 17:49:00,AQUA_M-T,Brasil,PARÁ,MOJU,Amazônia,,,,-3.2819,-49.14879,72.8
2024/09/16 17:49:00,AQUA_M-T,Brasil,PARÁ,PORTEL,Amazônia,,,,-3.21974,-50.03163,24.5
2024/09/16 17:49:00,AQUA_M-T,Brasil,PARÁ,PORTEL,Amazônia,,,,-3.2102,-50.03306,15.1
2024/09/16 17:49:00,AQUA_M-T,Brasil,PARÁ,MOJU,Amazônia,,,,-2.42216,-49.09147,13.8
2024/09/16 17:49:00,AQUA_M-T,Brasil,PARÁ,MOJU,Amazônia,,,,-2.42034,-49.07944,18.3
2024/09/16 17:49:00,AQUA_M-T,Brasil,PARÁ,PORTEL,Amazônia,,,,-2.95681,-50.35543,10.1
2024/09/16 17:49:00,AQUA_M-T,Brasil,PARÁ,PORTEL,Amazônia,,,,-2.87848,-50.45525,17.8
2024/09/16 17:49:00,AQUA_M-T,Brasil,PARÁ,PORTEL,Amazônia,,,,-2.87704,-50.44531,62.3
2024/09/16 17:49:00,AQUA_M-T,Brasil,PARÁ,PORTEL,Amazônia,,,,-2.87559,-50.43536,65.6
2024/09/16 17:49:00,AQUA_M-T,Brasil,PARÁ,PORTEL,Amazônia,,,,-2.87414,-50.4254,22.5
2024/09/16 17:49:00,AQUA_M-T,Brasil,PARÁ,PORTEL,Amazônia,,,,-2.86912,-50.45665,316.1
2024/09/16 17:49:00,AQUA_M-T,Brasil,PARÁ,PORTEL,Amazônia,,,,-2.86767,-50.44671,319.3
2024/09/16 17:49:00,AQUA_M-T,Brasil,PARÁ,PORTEL,Amazônia,,,,-2.86621,-50.43675,59.4
2024/09/16 17:49:00,AQUA_M-T,Brasil,PARÁ,PORTEL,Amazônia,,,,-2.85829,-50.44807,31.7
2024/09/16 17:49:00,AQUA_M-T,Brasil,PARÁ,PACAJÁ,Amazônia,,,,-3.42679,-50.48793,12.4
2024/09/16 17:49:00,AQUA_M-T,Brasil,PARÁ,PORTEL,Amazônia,,,,-3.14,-50.47838,10.8
2024/09/16 17:49:00,AQUA_M-T,Brasil,PARÁ,PORTEL,Amazônia,,,,-3.08802,-50.56294,15.9
2024/09/16 17:49:00,AQUA_M-T,Brasil,PARÁ,NOVO REPARTIMENTO,Amazônia,,,,-4.94791,-50.73727,13.2
2024/09/16 17:49:00,AQUA_M-T,Brasil,PARÁ,NOVO REPARTIMENTO,Amazônia,,,,-4.41384,-50.4903,195.7
2024/09/16 17:49:00,AQUA_M-T,Brasil,PARÁ,NOVO REPARTIMENTO,Amazônia,,,,-4.41242,-50.48071,52.7
2024/09/16 17:49:00,AQUA_M-T,Brasil,PARÁ,ITUPIRANGA,Amazônia,,,,-5.01477,-49.76513,46.1
2024/09/16 17:49:00,AQUA_M-T,Brasil,PARÁ,ITUPIRANGA,Amazônia,,,,-4.93949,-50.04593,14.3
2024/09/16 17:49:00,AQUA_M-T,Brasil,PARÁ,BREU BRANCO,Amazônia,,,,-4.00789,-49.42365,82.5
2024/09/16 17:49:00,AQUA_M-T,Brasil,PARÁ,BREU BRANCO,Amazônia,,,,-4.00627,-49.41272,98.4
2024/09/16 17:49:00,AQUA_M-T,Brasil,PARÁ,BREU BRANCO,Amazônia,,,,-3.73086,-49.55021,42.3
2024/09/16 17:49:00,AQUA_M-T,Brasil,PARÁ,BREU BRANCO,Amazônia,,,,-3.72924,-49.53933,47.8
2024/09/16 17:49:00,AQUA_M-T,Brasil,PARÁ,PARAUAPEBAS,Amazônia,,,,-5.95671,-50.13487,16.6
2024/09/16 17:49:00,AQUA_M-T,Brasil,PARÁ,MARABÁ,Amazônia,,,,-5.94967,-51.1453,11.1
2024/09/16 17:49:00,AQUA_M-T,Brasil,PARÁ,MARABÁ,Amazônia,,,,-5.94835,-51.13634,9.3
2024/09/16 17:49:00,AQUA_M-T,Brasil,PARÁ,MARABÁ,Amazônia,,,,-5.83547,-50.43761,42.4
2024/09/16 17:49:00,AQUA_M-T,Brasil,PARÁ,MARABÁ,Amazônia,,,,-5.83409,-50.4282,107.1
2024/09/16 17:49:00,AQUA_M-T,Brasil,PARÁ,MARABÁ,Amazônia,,,,-5.73744,-50.09119,46.5
2024/09/16 17:49:00,AQUA_M-T,Brasil,PARÁ,CANAÃ DOS CARAJÁS,Amazônia,,,,-6.41351,-49.93011,30.9
2024/09/16 17:49:00,AQUA_M-T,Brasil,PARÁ,CANAÃ DOS CARAJÁS,Amazônia,,,,-6.41204,-49.92039,13.0
2024/09/16 17:49:00,AQUA_M-T,Brasil,PARÁ,CANAÃ DOS CARAJÁS,Amazônia,,,,-6.38112,-50.00991,44.3
2024/09/16 17:49:00,AQUA_M-T,Brasil,PARÁ,PARAUAPEBAS,Amazônia,,,,-5.93583,-49.92913,16.1
2024/09/16 17:49:00,AQUA_M-T,Brasil,PARÁ,PARAUAPEBAS,Amazônia,,,,-5.88876,-49.80463,19.0
2024/09/16 17:49:00,AQUA_M-T,Brasil,PARÁ,PARAUAPEBAS,Amazônia,,,,-5.87939,-49.80601,20.6
2024/09/16 17:49:00,AQUA_M-T,Brasil,PARÁ,PARAUAPEBAS,Amazônia,,,,-6.48382,-50.51607,27.6
2024/09/16 17:49:00,AQUA_M-T,Brasil,PARÁ,PARAUAPEBAS,Amazônia,,,,-6.43507,-50.56122,14.6
2024/09/16 17:49:00,AQUA_M-T,Brasil,PARÁ,PARAUAPEBAS,Amazônia,,,,-6.33946,-50.66695,15.4
2024/09/16 17:49:00,AQUA_M-T,Brasil,PARÁ,PARAUAPEBAS,Amazônia,,,,-6.3388,-50.78488,36.9
2024/09/16 17:49:00,AQUA_M-T,Brasil,PARÁ,PARAUAPEBAS,Amazônia,,,,-6.33747,-50.77578,16.7
2024/09/16 17:49:00,AQUA_M-T,Brasil,PARÁ,PARAUAPEBAS,Amazônia,,,,-6.33038,-50.66454,20.9
2024/09/16 17:49:00,AQUA_M-T,Brasil,PARÁ,ÁGUA AZUL DO NORTE,Amazônia,,,,-6.32029,-50.9084,7.9
2024/09/16 17:49:00,AQUA_M-T,Brasil,PARÁ,ÁGUA AZUL DO NORTE,Amazônia,,,,-6.31895,-50.89933,12.1
2024/09/16 17:49:00,AQUA_M-T,Brasil,PARÁ,ÁGUA AZUL DO NORTE,Amazônia,,,,-6.31,-50.90067,9.7
2024/09/16 17:49:00,AQUA_M-T,Brasil,PARÁ,ÁGUA AZUL DO NORTE,Amazônia,,,,-6.30867,-50.89161,16.1
2024/09/16 17:49:00,AQUA_M-T,Brasil,PARÁ,PARAUAPEBAS,Amazônia,,,,-6.30585,-51.05825,22.8
2024/09/16 17:49:00,AQUA_M-T,Brasil,PARÁ,PARAUAPEBAS,Amazônia,,,,-6.28985,-50.94997,11.9
2024/09/16 17:49:00,AQUA_M-T,Brasil,PARÁ,PARAUAPEBAS,Amazônia,,,,-6.28893,-50.63312,22.0
2024/09/16 17:49:00,AQUA_M-T,Brasil,PARÁ,PARAUAPEBAS,Amazônia,,,,-6.28851,-50.94094,8.8
2024/09/16 17:49:00,AQUA_M-T,Brasil,PARÁ,PARAUAPEBAS,Amazônia,,,,-6.27004,-50.6923,9.3
2024/09/16 17:49:00,AQUA_M-T,Brasil,PARÁ,PARAUAPEBAS,Amazônia,,,,-6.26868,-50.68313,9.1
2024/09/16 17:49:00,AQUA_M-T,Brasil,PARÁ,PARAUAPEBAS,Amazônia,,,,-6.25967,-50.68447,27.8
2024/09/16 17:49:00,AQUA_M-T,Brasil,PARÁ,PARAUAPEBAS,Amazônia,,,,-6.25959,-50.87788,10.5
2024/09/16 17:49:00,AQUA_M-T,Brasil,PARÁ,PARAUAPEBAS,Amazônia,,,,-6.25422,-50.64775,7.7
2024/09/16 17:49:00,AQUA_M-T,Brasil,PARÁ,PARAUAPEBAS,Amazônia,,,,-6.24045,-51.12071,50.1
2024/09/16 17:49:00,AQUA_M-T,Brasil,PARÁ,PARAUAPEBAS,Amazônia,,,,-6.24033,-50.87141,20.5
2024/09/16 17:49:00,AQUA_M-T,Brasil,PARÁ,PARAUAPEBAS,Amazônia,,,,-6.23912,-51.11169,49.4
2024/09/16 17:49:00,AQUA_M-T,Brasil,PARÁ,PARAUAPEBAS,Amazônia,,,,-6.23632,-50.84413,27.8
2024/09/16 17:49:00,AQUA_M-T,Brasil,PARÁ,PARAUAPEBAS,Amazônia,,,,-6.23154,-51.12207,61.6
2024/09/16 17:49:00,AQUA_M-T,Brasil,PARÁ,PARAUAPEBAS,Amazônia,,,,-6.23021,-51.11304,26.9
2024/09/16 17:49:00,AQUA_M-T,Brasil,PARÁ,PARAUAPEBAS,Amazônia,,,,-6.2249,-51.07702,19.0
2024/09/16 17:49:00,AQUA_M-T,Brasil,PARÁ,PARAUAPEBAS,Amazônia,,,,-6.21257,-50.74504,15.1
2024/09/16 17:49:00,AQUA_M-T,Brasil,PARÁ,PARAUAPEBAS,Amazônia,,,,-6.20491,-50.94162,14.7
2024/09/16 17:49:00,AQUA_M-T,Brasil,PARÁ,PARAUAPEBAS,Amazônia,,,,-6.19596,-50.94292,21.8
2024/09/16 17:49:00,AQUA_M-T,Brasil,PARÁ,PARAUAPEBAS,Amazônia,,,,-6.18896,-50.95889,9.6
2024/09/16 17:49:00,AQUA_M-T,Brasil,PARÁ,PARAUAPEBAS,Amazônia,,,,-6.18764,-50.94983,14.0
2024/09/16 17:49:00,AQUA_M-T,Brasil,PARÁ,MARABÁ,Amazônia,,,,-6.17699,-51.12664,14.2
2024/09/16 17:49:00,AQUA_M-T,Brasil,PARÁ,PARAUAPEBAS,Amazônia,,,,-6.16975,-50.95254,20.2
2024/09/16 17:49:00,AQUA_M-T,Brasil,PARÁ,PARAUAPEBAS,Amazônia,,,,-6.1608,-50.95387,34.2
2024/09/16 17:49:00,AQUA_M-T,Brasil,PARÁ,PARAUAPEBAS,Amazônia,,,,-6.15519,-51.10223,28.7
2024/09/16 17:49:00,AQUA_M-T,Brasil,PARÁ,PARAUAPEBAS,Amazônia,,,,-6.15185,-50.95519,16.3
2024/09/16 17:49:00,AQUA_M-T,Brasil,PARÁ,PARAUAPEBAS,Amazônia,,,,-6.14328,-51.02122,8.6
2024/09/16 17:49:00,AQUA_M-T,Brasil,PARÁ,PARAUAPEBAS,Amazônia,,,,-6.13795,-50.98502,16.4
2024/09/16 17:49:00,AQUA_M-T,Brasil,PARÁ,PARAUAPEBAS,Amazônia,,,,-6.13701,-51.04061,18.5
2024/09/16 17:49:00,AQUA_M-T,Brasil,PARÁ,PARAUAPEBAS,Amazônia,,,,-6.13603,-51.09587,42.4
2024/09/16 17:49:00,AQUA_M-T,Brasil,PARÁ,PARAUAPEBAS,Amazônia,,,,-6.1347,-51.08689,31.3
2024/09/16 17:49:00,AQUA_M-T,Brasil,PARÁ,PARAUAPEBAS,Amazônia,,,,-6.13168,-51.00447,12.2
2024/09/16 17:49:00,AQUA_M-T,Brasil,PARÁ,PARAUAPEBAS,Amazônia,,,,-6.1281,-51.04203,39.6
2024/09/16 17:49:00,AQUA_M-T,Brasil,PARÁ,MARABÁ,Amazônia,,,,-6.12711,-51.09722,168.8
2024/09/16 17:49:00,AQUA_M-T,Brasil,PARÁ,PARAUAPEBAS,Amazônia,,,,-6.12578,-51.0882,29.3
2024/09/16 17:49:00,AQUA_M-T,Brasil,PARÁ,PARAUAPEBAS,Amazônia,,,,-6.11916,-51.04329,37.2
2024/09/16 17:49:00,AQUA_M-T,Brasil,PARÁ,MARABÁ,Amazônia,,,,-6.11617,-51.0965,13.6
2024/09/16 17:49:00,AQUA_M-T,Brasil,PARÁ,MARABÁ,Amazônia,,,,-6.11485,-51.08743,16.9
2024/09/16 17:49:00,AQUA_M-T,Brasil,PARÁ,MARABÁ,Amazônia,,,,-6.11353,-51.07836,16.2
2024/09/16 17:49:00,AQUA_M-T,Brasil,PARÁ,MARABÁ,Amazônia,,,,-6.11221,-51.06932,16.1
2024/09/16 17:49:00,AQUA_M-T,Brasil,PARÁ,MARABÁ,Amazônia,,,,-6.11089,-51.06028,9.3
2024/09/16 17:49:00,AQUA_M-T,Brasil,PARÁ,PARAUAPEBAS,Amazônia,,,,-6.10958,-51.0513,11.8
2024/09/16 17:47:00,AQUA_M-T,Brasil,PARÁ,CUMARU DO NORTE,Amazônia,,,,-7.93364,-50.9124,11.7
2024/09/16 17:47:00,AQUA_M-T,Brasil,PARÁ,CUMARU DO NORTE,Amazônia,,,,-7.91146,-51.07113,8.8
2024/09/16 17:47:00,AQUA_M-T,Brasil,PARÁ,PAU D'ARCO,Amazônia,,,,-7.86576,-50.25591,26.1
2024/09/16 17:47:00,AQUA_M-T,Brasil,PARÁ,PAU D'ARCO,Amazônia,,,,-7.86438,-50.24664,58.7
2024/09/16 17:47:00,AQUA_M-T,Brasil,PARÁ,CUMARU DO NORTE,Amazônia,,,,-7.82519,-51.10786,53.7
2024/09/16 17:47:00,AQUA_M-T,Brasil,PARÁ,CUMARU DO NORTE,Amazônia,,,,-7.82388,-51.09893,26.1
2024/09/16 17:47:00,AQUA_M-T,Brasil,PARÁ,CUMARU DO NORTE,Amazônia,,,,-7.81631,-51.10918,52.6
2024/09/16 17:47:00,AQUA_M-T,Brasil,PARÁ,CUMARU DO NORTE,Amazônia,,,,-7.80874,-51.11942,34.0
2024/09/16 17:47:00,AQUA_M-T,Brasil,PARÁ,OURILÂNDIA DO NORTE,Amazônia,,,,-7.79417,-51.28304,12.1
2024/09/16 17:47:00,AQUA_M-T,Brasil,PARÁ,OURILÂNDIA DO NORTE,Amazônia,,,,-7.79288,-51.27416,9.7
2024/09/16 17:47:00,AQUA_M-T,Brasil,PARÁ,CUMARU DO NORTE,Amazônia,,,,-7.79275,-50.9484,7.9
2024/09/16 17:47:00,AQUA_M-T,Brasil,PARÁ,OURILÂNDIA DO NORTE,Amazônia,,,,-7.79158,-51.26527,9.5
2024/09/16 17:47:00,AQUA_M-T,Brasil,PARÁ,OURILÂNDIA DO NORTE,Amazônia,,,,-7.78402,-51.27546,13.8
2024/09/16 17:47:00,AQUA_M-T,Brasil,PARÁ,OURILÂNDIA DO NORTE,Amazônia,,,,-7.78272,-51.26656,13.9
2024/09/16 17:47:00,AQUA_M-T,Brasil,PARÁ,OURILÂNDIA DO NORTE,Amazônia,,,,-6.99095,-50.95926,8.6
2024/09/16 17:49:00,AQUA_M-T,Brasil,PARÁ,ÁGUA AZUL DO NORTE,Amazônia,,,,-6.618,-50.99371,18.4
2024/09/16 17:49:00,AQUA_M-T,Brasil,PARÁ,ÁGUA AZUL DO NORTE,Amazônia,,,,-6.61785,-50.54977,18.3
2024/09/16 17:49:00,AQUA_M-T,Brasil,PARÁ,ÁGUA AZUL DO NORTE,Amazônia,,,,-6.58206,-50.74919,22.4
2024/09/16 17:49:00,AQUA_M-T,Brasil,PARÁ,ÁGUA AZUL DO NORTE,Amazônia,,,,-6.58074,-50.55249,24.4
2024/09/16 17:49:00,AQUA_M-T,Brasil,PARÁ,ÁGUA AZUL DO NORTE,Amazônia,,,,-6.54192,-50.53948,31.6
2024/09/16 17:49:00,AQUA_M-T,Brasil,PARÁ,PARAUAPEBAS,Amazônia,,,,-6.52908,-50.70123,24.7
2024/09/16 17:47:00,AQUA_M-T,Brasil,PARÁ,CUMARU DO NORTE,Amazônia,,,,-7.74394,-51.06288,9.4
2024/09/16 17:47:00,AQUA_M-T,Brasil,PARÁ,OURILÂNDIA DO NORTE,Amazônia,,,,-7.72082,-51.40856,9.9
2024/09/16 17:47:00,AQUA_M-T,Brasil,PARÁ,CUMARU DO NORTE,Amazônia,,,,-7.71237,-51.09511,7.5
2024/09/16 17:47:00,AQUA_M-T,Brasil,PARÁ,CUMARU DO NORTE,Amazônia,,,,-7.69464,-51.09781,5.6
2024/09/16 17:47:00,AQUA_M-T,Brasil,PARÁ,CUMARU DO NORTE,Amazônia,,,,-7.68409,-50.77871,14.4
2024/09/16 17:47:00,AQUA_M-T,Brasil,PARÁ,CUMARU DO NORTE,Amazônia,,,,-7.68277,-50.76976,15.1
2024/09/16 17:47:00,AQUA_M-T,Brasil,PARÁ,OURILÂNDIA DO NORTE,Amazônia,,,,-7.67304,-51.51545,10.4
2024/09/16 17:47:00,AQUA_M-T,Brasil,PARÁ,CUMARU DO NORTE,Amazônia,,,,-7.63577,-51.01175,6.4
2024/09/16 17:47:00,AQUA_M-T,Brasil,PARÁ,OURILÂNDIA DO NORTE,Amazônia,,,,-7.58106,-51.27249,6.4
2024/09/16 17:47:00,AQUA_M-T,Brasil,PARÁ,OURILÂNDIA DO NORTE,Amazônia,,,,-7.5722,-51.27382,6.2
2024/09/16 17:47:00,AQUA_M-T,Brasil,PARÁ,CUMARU DO NORTE,Amazônia,,,,-7.56862,-51.00098,11.2
2024/09/16 17:47:00,AQUA_M-T,Brasil,PARÁ,OURILÂNDIA DO NORTE,Amazônia,,,,-7.53911,-51.23328,7.4
2024/09/16 17:47:00,AQUA_M-T,Brasil,PARÁ,CUMARU DO NORTE,Amazônia,,,,-7.44087,-51.12619,5.7
2024/09/16 17:47:00,AQUA_M-T,Brasil,PARÁ,CUMARU DO NORTE,Amazônia,,,,-7.43956,-51.11729,12.2
2024/09/16 17:47:00,AQUA_M-T,Brasil,PARÁ,CUMARU DO NORTE,Amazônia,,,,-7.43825,-51.10835,10.3
2024/09/16 17:47:00,AQUA_M-T,Brasil,PARÁ,BANNACH,Amazônia,,,,-7.41689,-50.90094,10.1
2024/09/16 17:47:00,AQUA_M-T,Brasil,PARÁ,BANNACH,Amazônia,,,,-7.40798,-50.90228,14.2
2024/09/16 17:47:00,AQUA_M-T,Brasil,PARÁ,CUMARU DO NORTE,Amazônia,,,,-7.37366,-51.11542,7.3
2024/09/16 17:47:00,AQUA_M-T,Brasil,PARÁ,OURILÂNDIA DO NORTE,Amazônia,,,,-7.31249,-51.07545,7.9
2024/09/16 17:47:00,AQUA_M-T,Brasil,PARÁ,OURILÂNDIA DO NORTE,Amazônia,,,,-7.28134,-50.92439,10.3
2024/09/16 17:47:00,AQUA_M-T,Brasil,PARÁ,OURILÂNDIA DO NORTE,Amazônia,,,,-7.26585,-50.88072,7.6
2024/09/16 17:47:00,AQUA_M-T,Brasil,PARÁ,OURILÂNDIA DO NORTE,Amazônia,,,,-7.25098,-50.96566,8.1
2024/09/16 17:47:00,AQUA_M-T,Brasil,PARÁ,OURILÂNDIA DO NORTE,Amazônia,,,,-7.24735,-51.00286,12.0
2024/09/16 17:47:00,AQUA_M-T,Brasil,PARÁ,OURILÂNDIA DO NORTE,Amazônia,,,,-7.24603,-50.9939,11.5
2024/09/16 17:47:00,AQUA_M-T,Brasil,PARÁ,OURILÂNDIA DO NORTE,Amazônia,,,,-7.2424,-51.03107,10.8
2024/09/16 17:47:00,AQUA_M-T,Brasil,PARÁ,OURILÂNDIA DO NORTE,Amazônia,,,,-7.1654,-50.82878,10.0
2024/09/16 17:47:00,AQUA_M-T,Brasil,PARÁ,OURILÂNDIA DO NORTE,Amazônia,,,,-7.15574,-51.19677,29.0
2024/09/16 17:47:00,AQUA_M-T,Brasil,PARÁ,OURILÂNDIA DO NORTE,Amazônia,,,,-7.15444,-51.18787,110.4
2024/09/16 17:47:00,AQUA_M-T,Brasil,PARÁ,OURILÂNDIA DO NORTE,Amazônia,,,,-7.15314,-51.179,54.5
2024/09/16 17:47:00,AQUA_M-T,Brasil,PARÁ,OURILÂNDIA DO NORTE,Amazônia,,,,-7.15183,-51.17009,20.6
2024/09/16 17:47:00,AQUA_M-T,Brasil,PARÁ,OURILÂNDIA DO NORTE,Amazônia,,,,-7.13766,-51.14149,20.1
2024/09/16 17:47:00,AQUA_M-T,Brasil,PARÁ,OURILÂNDIA DO NORTE,Amazônia,,,,-7.13268,-51.16947,23.5
2024/09/16 17:47:00,AQUA_M-T,Brasil,PARÁ,OURILÂNDIA DO NORTE,Amazônia,,,,-7.13138,-51.16057,51.0
2024/09/16 17:47:00,AQUA_M-T,Brasil,PARÁ,OURILÂNDIA DO NORTE,Amazônia,,,,-7.12878,-51.14279,27.0
2024/09/16 17:47:00,AQUA_M-T,Brasil,PARÁ,OURILÂNDIA DO NORTE,Amazônia,,,,-7.11101,-51.14535,26.6
2024/09/16 17:47:00,AQUA_M-T,Brasil,PARÁ,OURILÂNDIA DO NORTE,Amazônia,,,,-7.10524,-50.98147,7.1
2024/09/16 17:47:00,AQUA_M-T,Brasil,PARÁ,OURILÂNDIA DO NORTE,Amazônia,,,,-7.10213,-51.14667,19.5
2024/09/16 17:47:00,AQUA_M-T,Brasil,PARÁ,OURILÂNDIA DO NORTE,Amazônia,,,,-7.05816,-51.23269,10.1
2024/09/16 17:47:00,AQUA_M-T,Brasil,PARÁ,OURILÂNDIA DO NORTE,Amazônia,,,,-6.93726,-51.15615,8.6
2024/09/16 17:47:00,AQUA_M-T,Brasil,PARÁ,OURILÂNDIA DO NORTE,Amazônia,,,,-7.83777,-51.44237,20.7
2024/09/16 17:47:00,AQUA_M-T,Brasil,PARÁ,OURILÂNDIA DO NORTE,Amazônia,,,,-7.83519,-51.4246,7.5
2024/09/16 17:47:00,AQUA_M-T,Brasil,PARÁ,OURILÂNDIA DO NORTE,Amazônia,,,,-7.8073,-51.43544,12.2
2024/09/16 17:47:00,AQUA_M-T,Brasil,PARÁ,OURILÂNDIA DO NORTE,Amazônia,,,,-7.80601,-51.42656,9.3
2024/09/16 17:47:00,AQUA_M-T,Brasil,PARÁ,OURILÂNDIA DO NORTE,Amazônia,,,,-7.80472,-51.41767,6.1
2024/09/16 17:47:00,AQUA_M-T,Brasil,PARÁ,OURILÂNDIA DO NORTE,Amazônia,,,,-7.79328,-51.40122,5.2
2024/09/16 17:47:00,AQUA_M-T,Brasil,PARÁ,SANTA MARIA DAS BARREIRAS,Amazônia,,,,-8.565,-50.43544,254.3
2024/09/16 17:47:00,AQUA_M-T,Brasil,PARÁ,SANTA MARIA DAS BARREIRAS,Amazônia,,,,-8.56366,-50.42635,49.7
2024/09/16 17:47:00,AQUA_M-T,Brasil,PARÁ,SANTA MARIA DAS BARREIRAS,Amazônia,,,,-8.5574,-50.44592,57.7
2024/09/16 17:47:00,AQUA_M-T,Brasil,PARÁ,SANTA MARIA DAS BARREIRAS,Amazônia,,,,-8.55605,-50.43681,100.5
2024/09/16 17:47:00,AQUA_M-T,Brasil,PARÁ,CUMARU DO NORTE,Amazônia,,,,-8.47212,-51.05971,34.1
2024/09/16 17:47:00,AQUA_M-T,Brasil,PARÁ,CUMARU DO NORTE,Amazônia,,,,-8.46325,-51.06104,26.6
2024/09/16 17:47:00,AQUA_M-T,Brasil,PARÁ,SANTA MARIA DAS BARREIRAS,Amazônia,,,,-8.45718,-50.83345,12.5
2024/09/16 17:47:00,AQUA_M-T,Brasil,PARÁ,SANTA MARIA DAS BARREIRAS,Amazônia,,,,-8.4483,-50.83478,12.3
2024/09/16 17:47:00,AQUA_M-T,Brasil,PARÁ,CUMARU DO NORTE,Amazônia,,,,-8.41527,-51.174,7.9
2024/09/16 17:47:00,AQUA_M-T,Brasil,PARÁ,CUMARU DO NORTE,Amazônia,,,,-8.27053,-51.06581,26.1
2024/09/16 17:47:00,AQUA_M-T,Brasil,PARÁ,CUMARU DO NORTE,Amazônia,,,,-8.25906,-51.04937,13.0
2024/09/16 17:47:00,AQUA_M-T,Brasil,PARÁ,CUMARU DO NORTE,Amazônia,,,,-8.25018,-51.05064,29.3
2024/09/16 17:47:00,AQUA_M-T,Brasil,PARÁ,CUMARU DO NORTE,Amazônia,,,,-8.17199,-51.20449,7.0
2024/09/16 17:47:00,AQUA_M-T,Brasil,PARÁ,CUMARU DO NORTE,Amazônia,,,,-8.17069,-51.19559,7.2
2024/09/16 17:47:00,AQUA_M-T,Brasil,PARÁ,CUMARU DO NORTE,Amazônia,,,,-8.12489,-51.14539,12.8
2024/09/16 17:47:00,AQUA_M-T,Brasil,PARÁ,CUMARU DO NORTE,Amazônia,,,,-8.00396,-51.06882,7.0
2024/09/16 17:47:00,AQUA_M-T,Brasil,PARÁ,CUMARU DO NORTE,Amazônia,,,,-8.00266,-51.05989,6.4
2024/09/16 17:47:00,AQUA_M-T,Brasil,PARÁ,CUMARU DO NORTE,Amazônia,,,,-8.00004,-51.04202,5.2
2024/09/16 17:47:00,AQUA_M-T,Brasil,PARÁ,CUMARU DO NORTE,Amazônia,,,,-7.98387,-51.11739,29.4
2024/09/16 17:47:00,AQUA_M-T,Brasil,PARÁ,CUMARU DO NORTE,Amazônia,,,,-7.97272,-51.18039,7.2
2024/09/16 17:47:00,AQUA_M-T,Brasil,PARÁ,CUMARU DO NORTE,Amazônia,,,,-7.96386,-51.18171,6.1
2024/09/16 17:47:00,AQUA_M-T,Brasil,PARÁ,CUMARU DO NORTE,Amazônia,,,,-7.95736,-51.13717,18.1
2024/09/16 17:47:00,AQUA_M-T,Brasil,PARÁ,CUMARU DO NORTE,Amazônia,,,,-7.9485,-51.13849,27.9
2024/09/16 17:47:00,AQUA_M-T,Brasil,PARÁ,CUMARU DO NORTE,Amazônia,,,,-7.94459,-51.11174,27.0
2024/09/16 17:47:00,AQUA_M-T,Brasil,PARÁ,CUMARU DO NORTE,Amazônia,,,,-7.94329,-51.10283,33.5
2024/09/16 17:47:00,AQUA_M-T,Brasil,PARÁ,CUMARU DO NORTE,Amazônia,,,,-7.93466,-51.16787,6.6
2024/09/16 17:47:00,AQUA_M-T,Brasil,PARÁ,CUMARU DO NORTE,Amazônia,,,,-7.92294,-51.08765,23.1
2024/09/16 17:47:00,AQUA_M-T,Brasil,PARÁ,CUMARU DO NORTE,Amazônia,,,,-9.27032,-51.14849,9.1
2024/09/16 17:47:00,AQUA_M-T,Brasil,PARÁ,CUMARU DO NORTE,Amazônia,,,,-9.26903,-51.13958,21.0
2024/09/16 17:47:00,AQUA_M-T,Brasil,PARÁ,CUMARU DO NORTE,Amazônia,,,,-9.26774,-51.13066,17.7
2024/09/16 17:47:00,AQUA_M-T,Brasil,PARÁ,CUMARU DO NORTE,Amazônia,,,,-9.26644,-51.12174,15.5
2024/09/16 17:47:00,AQUA_M-T,Brasil,PARÁ,CUMARU DO NORTE,Amazônia,,,,-9.26514,-51.11282,23.1
2024/09/16 17:47:00,AQUA_M-T,Brasil,PARÁ,CUMARU DO NORTE,Amazônia,,,,-9.26405,-51.18339,89.6
2024/09/16 17:47:00,AQUA_M-T,Brasil,PARÁ,CUMARU DO NORTE,Amazônia,,,,-9.26276,-51.17447,61.1
2024/09/16 17:47:00,AQUA_M-T,Brasil,PARÁ,CUMARU DO NORTE,Amazônia,,,,-9.26146,-51.16555,28.5
2024/09/16 17:47:00,AQUA_M-T,Brasil,PARÁ,CUMARU DO NORTE,Amazônia,,,,-9.26124,-51.08606,22.8
2024/09/16 17:47:00,AQUA_M-T,Brasil,PARÁ,CUMARU DO NORTE,Amazônia,,,,-9.26016,-51.15663,41.5
2024/09/16 17:47:00,AQUA_M-T,Brasil,PARÁ,CUMARU DO NORTE,Amazônia,,,,-9.25887,-51.14771,24.5
2024/09/16 17:47:00,AQUA_M-T,Brasil,PARÁ,CUMARU DO NORTE,Amazônia,,,,-9.25001,-51.14904,60.6
2024/09/16 17:47:00,AQUA_M-T,Brasil,PARÁ,SANTANA DO ARAGUAIA,Amazônia,,,,-9.24199,-51.03172,26.7
2024/09/16 17:47:00,AQUA_M-T,Brasil,PARÁ,CUMARU DO NORTE,Amazônia,,,,-9.24115,-51.15037,23.2
2024/09/16 17:47:00,AQUA_M-T,Brasil,PARÁ,SANTANA DO ARAGUAIA,Amazônia,,,,-9.24069,-51.02279,25.6
2024/09/16 17:47:00,AQUA_M-T,Brasil,PARÁ,SANTANA DO ARAGUAIA,Amazônia,,,,-9.23313,-51.03305,10.8
2024/09/16 17:47:00,AQUA_M-T,Brasil,PARÁ,CUMARU DO NORTE,Amazônia,,,,-9.22603,-51.17086,18.7
2024/09/16 17:47:00,AQUA_M-T,Brasil,PARÁ,CUMARU DO NORTE,Amazônia,,,,-9.21977,-51.19003,15.7
2024/09/16 17:47:00,AQUA_M-T,Brasil,PARÁ,CUMARU DO NORTE,Amazônia,,,,-9.21847,-51.18111,33.7
2024/09/16 17:47:00,AQUA_M-T,Brasil,PARÁ,CUMARU DO NORTE,Amazônia,,,,-9.19557,-51.14809,12.2
2024/09/16 17:47:00,AQUA_M-T,Brasil,PARÁ,SANTANA DO ARAGUAIA,Amazônia,,,,-9.076,-51.08059,6.5
2024/09/16 17:47:00,AQUA_M-T,Brasil,PARÁ,CUMARU DO NORTE,Amazônia,,,,-9.06968,-51.11546,15.3
2024/09/16 17:47:00,AQUA_M-T,Brasil,PARÁ,CUMARU DO NORTE,Amazônia,,,,-9.06838,-51.10654,14.7
2024/09/16 17:47:00,AQUA_M-T,Brasil,PARÁ,CUMARU DO NORTE,Amazônia,,,,-9.06708,-51.09763,15.8
2024/09/16 17:47:00,AQUA_M-T,Brasil,PARÁ,CUMARU DO NORTE,Amazônia,,,,-9.05952,-51.10787,17.4
2024/09/16 17:47:00,AQUA_M-T,Brasil,PARÁ,CUMARU DO NORTE,Amazônia,,,,-9.05822,-51.09896,26.7
2024/09/16 17:47:00,AQUA_M-T,Brasil,PARÁ,CUMARU DO NORTE,Amazônia,,,,-9.00507,-51.10693,14.1
2024/09/16 17:47:00,AQUA_M-T,Brasil,PARÁ,CUMARU DO NORTE,Amazônia,,,,-9.00377,-51.09801,30.1
2024/09/16 17:47:00,AQUA_M-T,Brasil,PARÁ,CUMARU DO NORTE,Amazônia,,,,-9.00248,-51.08911,11.1
2024/09/16 17:47:00,AQUA_M-T,Brasil,PARÁ,CUMARU DO NORTE,Amazônia,,,,-9.00118,-51.0802,10.6
2024/09/16 17:47:00,AQUA_M-T,Brasil,PARÁ,CUMARU DO NORTE,Amazônia,,,,-8.99751,-51.11717,13.2
2024/09/16 17:47:00,AQUA_M-T,Brasil,PARÁ,CUMARU DO NORTE,Amazônia,,,,-8.99621,-51.10826,257.6
2024/09/16 17:47:00,AQUA_M-T,Brasil,PARÁ,SANTANA DO ARAGUAIA,Amazônia,,,,-8.99599,-51.0446,26.6
2024/09/16 17:47:00,AQUA_M-T,Brasil,PARÁ,CUMARU DO NORTE,Amazônia,,,,-8.99492,-51.09935,29.5
2024/09/16 17:47:00,AQUA_M-T,Brasil,PARÁ,SANTANA DO ARAGUAIA,Amazônia,,,,-8.98582,-51.03698,10.4
2024/09/16 17:47:00,AQUA_M-T,Brasil,PARÁ,SANTANA DO ARAGUAIA,Amazônia,,,,-8.97927,-50.99225,11.8
2024/09/16 17:47:00,AQUA_M-T,Brasil,PARÁ,SANTANA DO ARAGUAIA,Amazônia,,,,-8.95694,-50.59237,11.2
2024/09/16 17:47:00,AQUA_M-T,Brasil,PARÁ,SANTANA DO ARAGUAIA,Amazônia,,,,-8.92984,-51.03271,22.8
2024/09/16 17:47:00,AQUA_M-T,Brasil,PARÁ,SANTANA DO ARAGUAIA,Amazônia,,,,-8.92854,-51.02378,27.8
2024/09/16 17:47:00,AQUA_M-T,Brasil,PARÁ,CUMARU DO NORTE,Amazônia,,,,-8.88369,-51.2284,8.0
2024/09/16 17:47:00,AQUA_M-T,Brasil,PARÁ,CUMARU DO NORTE,Amazônia,,,,-8.8824,-51.21949,12.2
2024/09/16 17:47:00,AQUA_M-T,Brasil,PARÁ,CUMARU DO NORTE,Amazônia,,,,-8.8811,-51.21059,7.0
2024/09/16 17:47:00,AQUA_M-T,Brasil,PARÁ,CUMARU DO NORTE,Amazônia,,,,-8.87613,-51.23864,20.2
2024/09/16 17:47:00,AQUA_M-T,Brasil,PARÁ,SANTANA DO ARAGUAIA,Amazônia,,,,-8.8171,-51.01985,22.4
2024/09/16 17:47:00,AQUA_M-T,Brasil,PARÁ,SANTANA DO ARAGUAIA,Amazônia,,,,-8.81579,-51.01089,29.6
2024/09/16 17:47:00,AQUA_M-T,Brasil,PARÁ,SANTANA DO ARAGUAIA,Amazônia,,,,-8.80956,-51.03015,8.5
2024/09/16 17:47:00,AQUA_M-T,Brasil,PARÁ,SANTANA DO ARAGUAIA,Amazônia,,,,-8.80825,-51.02122,11.0
2024/09/16 17:47:00,AQUA_M-T,Brasil,PARÁ,SANTANA DO ARAGUAIA,Amazônia,,,,-8.80694,-51.01225,16.2
2024/09/16 17:47:00,AQUA_M-T,Brasil,PARÁ,CUMARU DO NORTE,Amazônia,,,,-8.80224,-51.10408,10.3
2024/09/16 17:47:00,AQUA_M-T,Brasil,PARÁ,OURILÂNDIA DO NORTE,Amazônia,,,,-8.06732,-51.44141,8.5
2024/09/16 17:47:00,AQUA_M-T,Brasil,PARÁ,OURILÂNDIA DO NORTE,Amazônia,,,,-8.01025,-51.43831,12.9
2024/09/16 17:47:00,AQUA_M-T,Brasil,PARÁ,OURILÂNDIA DO NORTE,Amazônia,,,,-7.93442,-51.47683,16.4
2024/09/16 17:47:00,AQUA_M-T,Brasil,PARÁ,OURILÂNDIA DO NORTE,Amazônia,,,,-7.91541,-51.60328,8.0
2024/09/16 17:47:00,AQUA_M-T,Brasil,PARÁ,OURILÂNDIA DO NORTE,Amazônia,,,,-7.87724,-51.52726,5.2
2024/09/16 17:47:00,AQUA_M-T,Brasil,PARÁ,OURILÂNDIA DO NORTE,Amazônia,,,,-7.87595,-51.51838,11.1
2024/09/16 17:47:00,AQUA_M-T,Brasil,PARÁ,OURILÂNDIA DO NORTE,Amazônia,,,,-7.86839,-51.52858,24.8
2024/09/16 17:47:00,AQUA_M-T,Brasil,PARÁ,OURILÂNDIA DO NORTE,Amazônia,,,,-7.8671,-51.51969,16.0
2024/09/16 17:47:00,AQUA_M-T,Brasil,PARÁ,SÃO FÉLIX DO XINGU,Amazônia,,,,-9.33346,-51.52229,12.1
2024/09/16 17:47:00,AQUA_M-T,Brasil,PARÁ,SÃO FÉLIX DO XINGU,Amazônia,,,,-9.33218,-51.51334,7.2
2024/09/16 17:47:00,AQUA_M-T,Brasil,PARÁ,SÃO FÉLIX DO XINGU,Amazônia,,,,-9.30936,-51.49582,16.5
2024/09/16 17:47:00,AQUA_M-T,Brasil,PARÁ,SÃO FÉLIX DO XINGU,Amazônia,,,,-9.3018,-51.50611,10.0
2024/09/16 17:47:00,AQUA_M-T,Brasil,PARÁ,SÃO FÉLIX DO XINGU,Amazônia,,,,-9.3005,-51.49717,8.2
2024/09/16 17:47:00,AQUA_M-T,Brasil,PARÁ,SÃO FÉLIX DO XINGU,Amazônia,,,,-8.97669,-51.80783,8.0
2024/09/16 17:47:00,AQUA_M-T,Brasil,PARÁ,SÃO FÉLIX DO XINGU,Amazônia,,,,-8.92331,-51.81564,19.8
2024/09/16 17:47:00,AQUA_M-T,Brasil,PARÁ,CUMARU DO NORTE,Amazônia,,,,-8.77103,-51.7862,15.1
2024/09/16 17:47:00,AQUA_M-T,Brasil,PARÁ,CUMARU DO NORTE,Amazônia,,,,-8.76214,-51.78748,7.3
2024/09/16 17:47:00,AQUA_M-T,Brasil,PARÁ,SÃO FÉLIX DO XINGU,Amazônia,,,,-9.74658,-51.39049,12.0
2024/09/16 17:47:00,AQUA_M-T,Brasil,PARÁ,SANTANA DO ARAGUAIA,Amazônia,,,,-9.74287,-50.67234,23.5
2024/09/16 17:47:00,AQUA_M-T,Brasil,PARÁ,SANTANA DO ARAGUAIA,Amazônia,,,,-9.73399,-50.67368,21.8
2024/09/16 17:47:00,AQUA_M-T,Brasil,PARÁ,SÃO FÉLIX DO XINGU,Amazônia,,,,-9.71718,-51.31253,8.0
2024/09/16 17:47:00,AQUA_M-T,Brasil,PARÁ,SÃO FÉLIX DO XINGU,Amazônia,,,,-9.70832,-51.31387,12.9
2024/09/16 17:47:00,AQUA_M-T,Brasil,PARÁ,CUMARU DO NORTE,Amazônia,,,,-9.68043,-51.30888,9.3
2024/09/16 17:47:00,AQUA_M-T,Brasil,PARÁ,SÃO FÉLIX DO XINGU,Amazônia,,,,-9.63615,-51.33113,14.1
2024/09/16 17:47:00,AQUA_M-T,Brasil,PARÁ,SÃO FÉLIX DO XINGU,Amazônia,,,,-9.63505,-51.38611,11.2
2024/09/16 17:47:00,AQUA_M-T,Brasil,PARÁ,SÃO FÉLIX DO XINGU,Amazônia,,,,-9.63376,-51.37718,30.9
2024/09/16 17:47:00,AQUA_M-T,Brasil,PARÁ,CUMARU DO NORTE,Amazônia,,,,-9.63227,-51.30433,6.8
2024/09/16 17:47:00,AQUA_M-T,Brasil,PARÁ,SÃO FÉLIX DO XINGU,Amazônia,,,,-9.62988,-51.35034,11.4
2024/09/16 17:47:00,AQUA_M-T,Brasil,PARÁ,SÃO FÉLIX DO XINGU,Amazônia,,,,-9.62858,-51.3414,21.2
2024/09/16 17:47:00,AQUA_M-T,Brasil,PARÁ,SÃO FÉLIX DO XINGU,Amazônia,,,,-9.59959,-51.39146,9.1
2024/09/16 17:47:00,AQUA_M-T,Brasil,PARÁ,SÃO FÉLIX DO XINGU,Amazônia,,,,-9.58814,-51.37488,21.9
2024/09/16 17:47:00,AQUA_M-T,Brasil,PARÁ,SÃO FÉLIX DO XINGU,Amazônia,,,,-9.58685,-51.36594,9.0
2024/09/16 17:47:00,AQUA_M-T,Brasil,PARÁ,CUMARU DO NORTE,Amazônia,,,,-9.56115,-51.32069,62.2
2024/09/16 17:47:00,AQUA_M-T,Brasil,PARÁ,SÃO FÉLIX DO XINGU,Amazônia,,,,-9.6904,-51.64373,15.8
2024/09/16 17:47:00,AQUA_M-T,Brasil,PARÁ,SÃO FÉLIX DO XINGU,Amazônia,,,,-9.67261,-51.64637,19.4
2024/09/16 17:47:00,AQUA_M-T,Brasil,PARÁ,SÃO FÉLIX DO XINGU,Amazônia,,,,-9.65482,-51.64899,27.9
2024/09/16 17:49:00,AQUA_M-T,Brasil,PARÁ,PORTEL,Amazônia,,,,-3.29615,-50.67174,17.7
2024/09/16 17:49:00,AQUA_M-T,Brasil,PARÁ,PORTEL,Amazônia,,,,-3.25517,-50.70404,10.4
2024/09/16 17:49:00,AQUA_M-T,Brasil,PARÁ,PORTEL,Amazônia,,,,-3.2424,-50.74514,33.1
2024/09/16 17:49:00,AQUA_M-T,Brasil,PARÁ,VITÓRIA DO XINGU,Amazônia,,,,-3.19918,-52.0849,17.0
2024/09/16 17:49:00,AQUA_M-T,Brasil,PARÁ,ANAPU,Amazônia,,,,-3.04392,-51.27159,9.3
2024/09/16 17:49:00,AQUA_M-T,Brasil,PARÁ,ANAPU,Amazônia,,,,-3.04257,-51.2624,26.9
2024/09/16 17:49:00,AQUA_M-T,Brasil,PARÁ,ANAPU,Amazônia,,,,-3.04122,-51.2532,7.1
2024/09/16 17:49:00,AQUA_M-T,Brasil,PARÁ,PORTEL,Amazônia,,,,-3.02028,-51.04751,13.4
2024/09/16 17:49:00,AQUA_M-T,Brasil,PARÁ,PORTEL,Amazônia,,,,-3.0189,-51.03815,10.9
2024/09/16 17:49:00,AQUA_M-T,Brasil,PARÁ,PORTEL,Amazônia,,,,-3.00344,-51.05956,67.8
2024/09/16 17:49:00,AQUA_M-T,Brasil,PARÁ,PORTEL,Amazônia,,,,-2.99572,-51.07026,25.4
2024/09/16 17:49:00,AQUA_M-T,Brasil,PARÁ,PORTEL,Amazônia,,,,-2.99433,-51.0609,125.2
2024/09/16 17:49:00,AQUA_M-T,Brasil,PARÁ,ANAPU,Amazônia,,,,-2.98715,-51.45488,17.9
2024/09/16 17:49:00,AQUA_M-T,Brasil,PARÁ,ANAPU,Amazônia,,,,-2.97377,-51.36354,7.4
2024/09/16 17:49:00,AQUA_M-T,Brasil,PARÁ,ANAPU,Amazônia,,,,-2.97242,-51.35437,42.0
2024/09/16 17:49:00,AQUA_M-T,Brasil,PARÁ,PORTEL,Amazônia,,,,-2.97177,-51.03249,15.6
2024/09/16 17:49:00,AQUA_M-T,Brasil,PARÁ,PORTEL,Amazônia,,,,-2.97041,-51.02309,6.9
2024/09/16 17:49:00,AQUA_M-T,Brasil,PARÁ,ANAPU,Amazônia,,,,-2.96341,-51.3557,9.1
2024/09/16 17:49:00,AQUA_M-T,Brasil,PARÁ,ANAPU,Amazônia,,,,-2.91361,-51.45276,12.5
2024/09/16 17:49:00,AQUA_M-T,Brasil,PARÁ,PORTEL,Amazônia,,,,-2.8771,-50.57645,22.7
2024/09/16 17:49:00,AQUA_M-T,Brasil,PARÁ,PORTEL,Amazônia,,,,-2.87567,-50.56665,39.8
2024/09/16 17:49:00,AQUA_M-T,Brasil,PARÁ,ANAPU,Amazônia,,,,-2.85272,-51.67192,11.7
2024/09/16 17:49:00,AQUA_M-T,Brasil,PARÁ,ANAPU,Amazônia,,,,-2.85141,-51.66291,10.9
2024/09/16 17:49:00,AQUA_M-T,Brasil,PARÁ,PORTEL,Amazônia,,,,-2.82068,-51.38899,16.7
2024/09/16 17:49:00,AQUA_M-T,Brasil,PARÁ,PORTEL,Amazônia,,,,-2.5956,-51.23664,25.0
2024/09/16 17:49:00,AQUA_M-T,Brasil,PARÁ,PORTEL,Amazônia,,,,-2.59424,-51.22735,46.1
2024/09/16 17:49:00,AQUA_M-T,Brasil,PARÁ,PORTEL,Amazônia,,,,-2.58652,-51.23798,56.7
2024/09/16 17:49:00,AQUA_M-T,Brasil,PARÁ,PORTEL,Amazônia,,,,-2.58516,-51.22868,109.4
2024/09/16 17:49:00,AQUA_M-T,Brasil,PARÁ,PORTEL,Amazônia,,,,-2.23391,-51.85139,40.7
2024/09/16 17:49:00,AQUA_M-T,Brasil,PARÁ,PORTEL,Amazônia,,,,-2.2326,-51.84241,351.9
2024/09/16 17:49:00,AQUA_M-T,Brasil,PARÁ,ANAPU,Amazônia,,,,-4.36752,-50.99337,24.3
2024/09/16 17:49:00,AQUA_M-T,Brasil,PARÁ,ANAPU,Amazônia,,,,-4.36616,-50.98417,16.3
2024/09/16 17:49:00,AQUA_M-T,Brasil,PARÁ,ANAPU,Amazônia,,,,-4.30126,-51.10266,8.0
2024/09/16 17:49:00,AQUA_M-T,Brasil,PARÁ,ANAPU,Amazônia,,,,-4.2999,-51.09347,34.0
2024/09/16 17:49:00,AQUA_M-T,Brasil,PARÁ,SENADOR JOSÉ PORFÍRIO,Amazônia,,,,-3.84169,-51.74188,14.5
2024/09/16 17:49:00,AQUA_M-T,Brasil,PARÁ,SENADOR JOSÉ PORFÍRIO,Amazônia,,,,-3.83279,-51.74319,16.0
2024/09/16 17:49:00,AQUA_M-T,Brasil,PARÁ,SENADOR JOSÉ PORFÍRIO,Amazônia,,,,-3.83149,-51.73428,77.6
2024/09/16 17:49:00,AQUA_M-T,Brasil,PARÁ,ANAPU,Amazônia,,,,-3.80727,-51.44478,8.0
2024/09/16 17:49:00,AQUA_M-T,Brasil,PARÁ,SENADOR JOSÉ PORFÍRIO,Amazônia,,,,-3.79489,-51.74625,10.4
2024/09/16 17:49:00,AQUA_M-T,Brasil,PARÁ,SENADOR JOSÉ PORFÍRIO,Amazônia,,,,-3.7932,-51.60955,10.0
2024/09/16 17:49:00,AQUA_M-T,Brasil,PARÁ,SENADOR JOSÉ PORFÍRIO,Amazônia,,,,-3.72524,-51.83491,314.7
2024/09/16 17:49:00,AQUA_M-T,Brasil,PARÁ,SENADOR JOSÉ PORFÍRIO,Amazônia,,,,-3.71489,-51.76369,8.5
2024/09/16 17:49:00,AQUA_M-T,Brasil,PARÁ,PACAJÁ,Amazônia,,,,-3.71426,-51.12976,16.5
2024/09/16 17:49:00,AQUA_M-T,Brasil,PARÁ,SENADOR JOSÉ PORFÍRIO,Amazônia,,,,-3.6053,-52.02222,15.3
2024/09/16 17:49:00,AQUA_M-T,Brasil,PARÁ,SENADOR JOSÉ PORFÍRIO,Amazônia,,,,-3.60401,-52.01337,46.9
2024/09/16 17:49:00,AQUA_M-T,Brasil,PARÁ,SÃO FÉLIX DO XINGU,Amazônia,,,,-5.96279,-52.12641,9.4
2024/09/16 17:49:00,AQUA_M-T,Brasil,PARÁ,SÃO FÉLIX DO XINGU,Amazônia,,,,-5.95439,-52.38156,9.8
2024/09/16 17:49:00,AQUA_M-T,Brasil,PARÁ,SÃO FÉLIX DO XINGU,Amazônia,,,,-5.9538,-52.06444,8.3
2024/09/16 17:49:00,AQUA_M-T,Brasil,PARÁ,SÃO FÉLIX DO XINGU,Amazônia,,,,-5.93055,-51.84201,9.1
2024/09/16 17:49:00,AQUA_M-T,Brasil,PARÁ,SÃO FÉLIX DO XINGU,Amazônia,,,,-5.92926,-51.83316,9.1
2024/09/16 17:49:00,AQUA_M-T,Brasil,PARÁ,SÃO FÉLIX DO XINGU,Amazônia,,,,-5.92467,-52.05062,13.5
2024/09/16 17:49:00,AQUA_M-T,Brasil,PARÁ,SÃO FÉLIX DO XINGU,Amazônia,,,,-5.90883,-51.75483,33.7
2024/09/16 17:49:00,AQUA_M-T,Brasil,PARÁ,SÃO FÉLIX DO XINGU,Amazônia,,,,-5.90697,-52.05322,20.4
2024/09/16 17:49:00,AQUA_M-T,Brasil,PARÁ,SÃO FÉLIX DO XINGU,Amazônia,,,,-5.89998,-51.75615,63.1
2024/09/16 17:49:00,AQUA_M-T,Brasil,PARÁ,SÃO FÉLIX DO XINGU,Amazônia,,,,-5.89869,-51.7473,40.3
2024/09/16 17:49:00,AQUA_M-T,Brasil,PARÁ,SÃO FÉLIX DO XINGU,Amazônia,,,,-5.88786,-52.06256,8.0
2024/09/16 17:49:00,AQUA_M-T,Brasil,PARÁ,SÃO FÉLIX DO XINGU,Amazônia,,,,-5.87041,-52.19168,56.8
2024/09/16 17:49:00,AQUA_M-T,Brasil,PARÁ,SÃO FÉLIX DO XINGU,Amazônia,,,,-5.86966,-51.36147,18.6
2024/09/16 17:49:00,AQUA_M-T,Brasil,PARÁ,SÃO FÉLIX DO XINGU,Amazônia,,,,-5.8298,-52.29398,7.2
2024/09/16 17:49:00,AQUA_M-T,Brasil,PARÁ,SÃO FÉLIX DO XINGU,Amazônia,,,,-5.82851,-52.2851,15.0
2024/09/16 17:49:00,AQUA_M-T,Brasil,PARÁ,SÃO FÉLIX DO XINGU,Amazônia,,,,-5.82207,-52.24076,7.9
2024/09/16 17:49:00,AQUA_M-T,Brasil,PARÁ,SÃO FÉLIX DO XINGU,Amazônia,,,,-5.80989,-51.71273,13.4
2024/09/16 17:49:00,AQUA_M-T,Brasil,PARÁ,SÃO FÉLIX DO XINGU,Amazônia,,,,-5.8095,-52.27886,68.2
2024/09/16 17:49:00,AQUA_M-T,Brasil,PARÁ,SÃO FÉLIX DO XINGU,Amazônia,,,,-5.80892,-51.83037,10.0
2024/09/16 17:49:00,AQUA_M-T,Brasil,PARÁ,SÃO FÉLIX DO XINGU,Amazônia,,,,-5.8086,-51.70387,22.0
2024/09/16 17:49:00,AQUA_M-T,Brasil,PARÁ,SÃO FÉLIX DO XINGU,Amazônia,,,,-5.80821,-52.26995,23.7
2024/09/16 17:49:00,AQUA_M-T,Brasil,PARÁ,SÃO FÉLIX DO XINGU,Amazônia,,,,-5.80763,-51.82151,21.3
2024/09/16 17:49:00,AQUA_M-T,Brasil,PARÁ,SÃO FÉLIX DO XINGU,Amazônia,,,,-5.80635,-51.81267,17.3
2024/09/16 17:49:00,AQUA_M-T,Brasil,PARÁ,SÃO FÉLIX DO XINGU,Amazônia,,,,-5.80063,-52.28015,29.7
2024/09/16 17:49:00,AQUA_M-T,Brasil,PARÁ,SÃO FÉLIX DO XINGU,Amazônia,,,,-5.79935,-52.27127,28.5
2024/09/16 17:49:00,AQUA_M-T,Brasil,PARÁ,SÃO FÉLIX DO XINGU,Amazônia,,,,-5.75277,-52.40252,7.0
2024/09/16 17:49:00,AQUA_M-T,Brasil,PARÁ,SÃO FÉLIX DO XINGU,Amazônia,,,,-5.75148,-52.39363,8.4
2024/09/16 17:49:00,AQUA_M-T,Brasil,PARÁ,SÃO FÉLIX DO XINGU,Amazônia,,,,-5.73725,-51.65671,8.0
2024/09/16 17:49:00,AQUA_M-T,Brasil,PARÁ,SÃO FÉLIX DO XINGU,Amazônia,,,,-5.70645,-52.08345,4.5
2024/09/16 17:49:00,AQUA_M-T,Brasil,PARÁ,SÃO FÉLIX DO XINGU,Amazônia,,,,-5.6926,-52.11259,19.1
2024/09/16 17:49:00,AQUA_M-T,Brasil,PARÁ,SÃO FÉLIX DO XINGU,Amazônia,,,,-6.33359,-52.65573,35.4
2024/09/16 17:49:00,AQUA_M-T,Brasil,PARÁ,SÃO FÉLIX DO XINGU,Amazônia,,,,-6.33229,-52.64671,19.0
2024/09/16 17:49:00,AQUA_M-T,Brasil,PARÁ,SÃO FÉLIX DO XINGU,Amazônia,,,,-6.29914,-52.66997,32.2
2024/09/16 17:49:00,AQUA_M-T,Brasil,PARÁ,SÃO FÉLIX DO XINGU,Amazônia,,,,-6.29784,-52.66093,18.4
2024/09/16 17:49:00,AQUA_M-T,Brasil,PARÁ,SÃO FÉLIX DO XINGU,Amazônia,,,,-6.25749,-52.70021,13.8
2024/09/16 17:49:00,AQUA_M-T,Brasil,PARÁ,SÃO FÉLIX DO XINGU,Amazônia,,,,-6.25377,-52.73764,9.1
2024/09/16 17:49:00,AQUA_M-T,Brasil,PARÁ,SÃO FÉLIX DO XINGU,Amazônia,,,,-6.24855,-52.70154,8.3
2024/09/16 17:49:00,AQUA_M-T,Brasil,PARÁ,SÃO FÉLIX DO XINGU,Amazônia,,,,-6.23962,-52.70286,75.8
2024/09/16 17:49:00,AQUA_M-T,Brasil,PARÁ,SÃO FÉLIX DO XINGU,Amazônia,,,,-6.23345,-52.78697,46.1
2024/09/16 17:49:00,AQUA_M-T,Brasil,PARÁ,SÃO FÉLIX DO XINGU,Amazônia,,,,-6.22173,-52.70546,21.8
2024/09/16 17:49:00,AQUA_M-T,Brasil,PARÁ,SÃO FÉLIX DO XINGU,Amazônia,,,,-6.22043,-52.69643,21.6
2024/09/16 17:49:00,AQUA_M-T,Brasil,PARÁ,SÃO FÉLIX DO XINGU,Amazônia,,,,-6.11509,-52.67225,16.5
2024/09/16 17:49:00,AQUA_M-T,Brasil,PARÁ,SÃO FÉLIX DO XINGU,Amazônia,,,,-6.1138,-52.66325,12.6
2024/09/16 17:49:00,AQUA_M-T,Brasil,PARÁ,SÃO FÉLIX DO XINGU,Amazônia,,,,-6.09346,-52.71218,8.5
2024/09/16 17:49:00,AQUA_M-T,Brasil,PARÁ,SÃO FÉLIX DO XINGU,Amazônia,,,,-6.07868,-52.7386,35.9
2024/09/16 17:49:00,AQUA_M-T,Brasil,PARÁ,SÃO FÉLIX DO XINGU,Amazônia,,,,-6.07737,-52.72959,74.2
2024/09/16 17:49:00,AQUA_M-T,Brasil,PARÁ,SÃO FÉLIX DO XINGU,Amazônia,,,,-6.04535,-52.69742,27.2
2024/09/16 17:49:00,AQUA_M-T,Brasil,PARÁ,SÃO FÉLIX DO XINGU,Amazônia,,,,-6.40123,-51.78743,11.1
2024/09/16 17:49:00,AQUA_M-T,Brasil,PARÁ,SÃO FÉLIX DO XINGU,Amazônia,,,,-6.39737,-51.76087,28.5
2024/09/16 17:49:00,AQUA_M-T,Brasil,PARÁ,SÃO FÉLIX DO XINGU,Amazônia,,,,-6.38981,-51.77103,30.0
2024/09/16 17:49:00,AQUA_M-T,Brasil,PARÁ,SÃO FÉLIX DO XINGU,Amazônia,,,,-6.38852,-51.76218,83.1
2024/09/16 17:49:00,AQUA_M-T,Brasil,PARÁ,SÃO FÉLIX DO XINGU,Amazônia,,,,-6.38095,-51.77234,42.8
2024/09/16 17:49:00,AQUA_M-T,Brasil,PARÁ,SÃO FÉLIX DO XINGU,Amazônia,,,,-6.37967,-51.76349,293.7
2024/09/16 17:49:00,AQUA_M-T,Brasil,PARÁ,SÃO FÉLIX DO XINGU,Amazônia,,,,-6.37838,-51.75465,11.5
2024/09/16 17:49:00,AQUA_M-T,Brasil,PARÁ,SÃO FÉLIX DO XINGU,Amazônia,,,,-6.37082,-51.7648,22.2
2024/09/16 17:49:00,AQUA_M-T,Brasil,PARÁ,SÃO FÉLIX DO XINGU,Amazônia,,,,-6.36953,-51.75595,10.6
2024/09/16 17:49:00,AQUA_M-T,Brasil,PARÁ,SÃO FÉLIX DO XINGU,Amazônia,,,,-6.34297,-51.75986,13.0
2024/09/16 17:49:00,AQUA_M-T,Brasil,PARÁ,SÃO FÉLIX DO XINGU,Amazônia,,,,-6.34169,-51.75101,25.9
2024/09/16 17:49:00,AQUA_M-T,Brasil,PARÁ,SÃO FÉLIX DO XINGU,Amazônia,,,,-6.33412,-51.76117,28.7
2024/09/16 17:49:00,AQUA_M-T,Brasil,PARÁ,SÃO FÉLIX DO XINGU,Amazônia,,,,-6.33283,-51.75232,56.9
2024/09/16 17:49:00,AQUA_M-T,Brasil,PARÁ,SÃO FÉLIX DO XINGU,Amazônia,,,,-6.28719,-51.88224,38.4
2024/09/16 17:49:00,AQUA_M-T,Brasil,PARÁ,SÃO FÉLIX DO XINGU,Amazônia,,,,-6.27834,-51.88354,29.1
2024/09/16 17:49:00,AQUA_M-T,Brasil,PARÁ,SÃO FÉLIX DO XINGU,Amazônia,,,,-6.20904,-51.53181,33.7
2024/09/16 17:49:00,AQUA_M-T,Brasil,PARÁ,SÃO FÉLIX DO XINGU,Amazônia,,,,-6.18263,-51.61489,11.8
2024/09/16 17:49:00,AQUA_M-T,Brasil,PARÁ,SÃO FÉLIX DO XINGU,Amazônia,,,,-6.18134,-51.60603,33.6
2024/09/16 17:49:00,AQUA_M-T,Brasil,PARÁ,SÃO FÉLIX DO XINGU,Amazônia,,,,-6.34515,-52.34524,17.5
2024/09/16 17:49:00,AQUA_M-T,Brasil,PARÁ,SÃO FÉLIX DO XINGU,Amazônia,,,,-6.33987,-52.2459,42.9
2024/09/16 17:49:00,AQUA_M-T,Brasil,PARÁ,SÃO FÉLIX DO XINGU,Amazônia,,,,-6.27685,-52.38908,11.7
2024/09/16 17:49:00,AQUA_M-T,Brasil,PARÁ,SÃO FÉLIX DO XINGU,Amazônia,,,,-6.27557,-52.38017,52.8
2024/09/16 17:49:00,AQUA_M-T,Brasil,PARÁ,SÃO FÉLIX DO XINGU,Amazônia,,,,-6.26952,-52.52728,8.2
2024/09/16 17:49:00,AQUA_M-T,Brasil,PARÁ,SÃO FÉLIX DO XINGU,Amazônia,,,,-6.21524,-52.026,23.2
2024/09/16 17:49:00,AQUA_M-T,Brasil,PARÁ,SÃO FÉLIX DO XINGU,Amazônia,,,,-6.12668,-52.23499,14.8
2024/09/16 17:49:00,AQUA_M-T,Brasil,PARÁ,SÃO FÉLIX DO XINGU,Amazônia,,,,-6.08611,-52.22027,35.3
2024/09/16 17:49:00,AQUA_M-T,Brasil,PARÁ,SÃO FÉLIX DO XINGU,Amazônia,,,,-6.07725,-52.22159,7.6
2024/09/16 17:49:00,AQUA_M-T,Brasil,PARÁ,SÃO FÉLIX DO XINGU,Amazônia,,,,-7.03901,-52.62402,18.6
2024/09/16 17:49:00,AQUA_M-T,Brasil,PARÁ,SÃO FÉLIX DO XINGU,Amazônia,,,,-6.96294,-52.6686,114.6
2024/09/16 17:49:00,AQUA_M-T,Brasil,PARÁ,SÃO FÉLIX DO XINGU,Amazônia,,,,-6.96163,-52.65948,182.1
2024/09/16 17:49:00,AQUA_M-T,Brasil,PARÁ,SÃO FÉLIX DO XINGU,Amazônia,,,,-6.88246,-52.8176,36.1
2024/09/16 17:49:00,AQUA_M-T,Brasil,PARÁ,SÃO FÉLIX DO XINGU,Amazônia,,,,-6.88114,-52.80843,42.0
2024/09/16 17:49:00,AQUA_M-T,Brasil,PARÁ,SÃO FÉLIX DO XINGU,Amazônia,,,,-6.65851,-52.79708,9.2
2024/09/16 17:49:00,AQUA_M-T,Brasil,PARÁ,SÃO FÉLIX DO XINGU,Amazônia,,,,-6.64953,-52.79844,24.5
2024/09/16 17:49:00,AQUA_M-T,Brasil,PARÁ,SÃO FÉLIX DO XINGU,Amazônia,,,,-6.46662,-52.6795,29.2
2024/09/16 17:49:00,AQUA_M-T,Brasil,PARÁ,SÃO FÉLIX DO XINGU,Amazônia,,,,-6.46532,-52.67044,9.9
2024/09/16 17:49:00,AQUA_M-T,Brasil,PARÁ,SÃO FÉLIX DO XINGU,Amazônia,,,,-6.45767,-52.68079,22.3
2024/09/16 17:49:00,AQUA_M-T,Brasil,PARÁ,SÃO FÉLIX DO XINGU,Amazônia,,,,-6.45638,-52.67174,9.7
2024/09/16 17:47:00,AQUA_M-T,Brasil,PARÁ,SÃO FÉLIX DO XINGU,Amazônia,,,,-7.06052,-52.25516,20.0
2024/09/16 17:47:00,AQUA_M-T,Brasil,PARÁ,SÃO FÉLIX DO XINGU,Amazônia,,,,-7.05923,-52.24618,38.0
2024/09/16 17:47:00,AQUA_M-T,Brasil,PARÁ,SÃO FÉLIX DO XINGU,Amazônia,,,,-7.05163,-52.2565,52.0
2024/09/16 17:49:00,AQUA_M-T,Brasil,PARÁ,SÃO FÉLIX DO XINGU,Amazônia,,,,-7.01249,-52.25041,26.7
2024/09/16 17:49:00,AQUA_M-T,Brasil,PARÁ,SÃO FÉLIX DO XINGU,Amazônia,,,,-7.00616,-52.26946,46.6
2024/09/16 17:49:00,AQUA_M-T,Brasil,PARÁ,SÃO FÉLIX DO XINGU,Amazônia,,,,-7.00488,-52.26059,35.8
2024/09/16 17:49:00,AQUA_M-T,Brasil,PARÁ,SÃO FÉLIX DO XINGU,Amazônia,,,,-6.99727,-52.27081,50.1
2024/09/16 17:49:00,AQUA_M-T,Brasil,PARÁ,SÃO FÉLIX DO XINGU,Amazônia,,,,-6.99341,-52.24408,22.7
2024/09/16 17:49:00,AQUA_M-T,Brasil,PARÁ,SÃO FÉLIX DO XINGU,Amazônia,,,,-6.99213,-52.23515,33.9
2024/09/16 17:49:00,AQUA_M-T,Brasil,PARÁ,SÃO FÉLIX DO XINGU,Amazônia,,,,-6.98839,-52.27222,28.4
2024/09/16 17:49:00,AQUA_M-T,Brasil,PARÁ,SÃO FÉLIX DO XINGU,Amazônia,,,,-6.9871,-52.26328,28.3
2024/09/16 17:49:00,AQUA_M-T,Brasil,PARÁ,SÃO FÉLIX DO XINGU,Amazônia,,,,-6.98582,-52.25434,44.6
2024/09/16 17:49:00,AQUA_M-T,Brasil,PARÁ,SÃO FÉLIX DO XINGU,Amazônia,,,,-6.98451,-52.24531,79.6
2024/09/16 17:49:00,AQUA_M-T,Brasil,PARÁ,SÃO FÉLIX DO XINGU,Amazônia,,,,-6.96505,-52.04787,36.9
2024/09/16 17:49:00,AQUA_M-T,Brasil,PARÁ,SÃO FÉLIX DO XINGU,Amazônia,,,,-6.96377,-52.03898,20.9
2024/09/16 17:49:00,AQUA_M-T,Brasil,PARÁ,SÃO FÉLIX DO XINGU,Amazônia,,,,-6.95747,-52.05808,31.7
2024/09/16 17:49:00,AQUA_M-T,Brasil,PARÁ,SÃO FÉLIX DO XINGU,Amazônia,,,,-6.93202,-52.00734,13.1
2024/09/16 17:49:00,AQUA_M-T,Brasil,PARÁ,SÃO FÉLIX DO XINGU,Amazônia,,,,-6.89547,-52.20038,6.8
2024/09/16 17:49:00,AQUA_M-T,Brasil,PARÁ,SÃO FÉLIX DO XINGU,Amazônia,,,,-6.87151,-52.28606,9.8
2024/09/16 17:49:00,AQUA_M-T,Brasil,PARÁ,SÃO FÉLIX DO XINGU,Amazônia,,,,-6.81489,-52.41065,10.8
2024/09/16 17:49:00,AQUA_M-T,Brasil,PARÁ,SÃO FÉLIX DO XINGU,Amazônia,,,,-6.81231,-52.39272,20.2
2024/09/16 17:49:00,AQUA_M-T,Brasil,PARÁ,SÃO FÉLIX DO XINGU,Amazônia,,,,-6.80456,-52.33892,10.9
2024/09/16 17:49:00,AQUA_M-T,Brasil,PARÁ,SÃO FÉLIX DO XINGU,Amazônia,,,,-6.78111,-52.05095,14.8
2024/09/16 17:49:00,AQUA_M-T,Brasil,PARÁ,SÃO FÉLIX DO XINGU,Amazônia,,,,-6.77153,-52.36202,19.9
2024/09/16 17:49:00,AQUA_M-T,Brasil,PARÁ,SÃO FÉLIX DO XINGU,Amazônia,,,,-6.66592,-52.26451,12.0
2024/09/16 17:49:00,AQUA_M-T,Brasil,PARÁ,SÃO FÉLIX DO XINGU,Amazônia,,,,-6.66464,-52.25558,20.1
2024/09/16 17:49:00,AQUA_M-T,Brasil,PARÁ,SÃO FÉLIX DO XINGU,Amazônia,,,,-6.6503,-52.54806,13.3
2024/09/16 17:49:00,AQUA_M-T,Brasil,PARÁ,SÃO FÉLIX DO XINGU,Amazônia,,,,-6.64769,-52.52996,17.0
2024/09/16 17:49:00,AQUA_M-T,Brasil,PARÁ,SÃO FÉLIX DO XINGU,Amazônia,,,,-6.64265,-52.55832,24.3
2024/09/16 17:49:00,AQUA_M-T,Brasil,PARÁ,SÃO FÉLIX DO XINGU,Amazônia,,,,-6.63403,-52.12107,10.3
2024/09/16 17:49:00,AQUA_M-T,Brasil,PARÁ,SÃO FÉLIX DO XINGU,Amazônia,,,,-6.63358,-52.49514,12.9
2024/09/16 17:49:00,AQUA_M-T,Brasil,PARÁ,SÃO FÉLIX DO XINGU,Amazônia,,,,-6.6323,-52.48621,10.5
2024/09/16 17:49:00,AQUA_M-T,Brasil,PARÁ,SÃO FÉLIX DO XINGU,Amazônia,,,,-6.62646,-52.1313,10.2
2024/09/16 17:49:00,AQUA_M-T,Brasil,PARÁ,SÃO FÉLIX DO XINGU,Amazônia,,,,-6.62586,-52.44138,24.5
2024/09/16 17:49:00,AQUA_M-T,Brasil,PARÁ,SÃO FÉLIX DO XINGU,Amazônia,,,,-6.62517,-52.1224,16.2
2024/09/16 17:49:00,AQUA_M-T,Brasil,PARÁ,SÃO FÉLIX DO XINGU,Amazônia,,,,-6.5331,-52.43322,11.1
2024/09/16 17:49:00,AQUA_M-T,Brasil,PARÁ,SÃO FÉLIX DO XINGU,Amazônia,,,,-6.51667,-52.50889,25.6
2024/09/16 17:49:00,AQUA_M-T,Brasil,PARÁ,SÃO FÉLIX DO XINGU,Amazônia,,,,-6.50575,-52.50797,16.5
2024/09/16 17:49:00,AQUA_M-T,Brasil,PARÁ,SÃO FÉLIX DO XINGU,Amazônia,,,,-6.50445,-52.49898,28.7
2024/09/16 17:49:00,AQUA_M-T,Brasil,PARÁ,SÃO FÉLIX DO XINGU,Amazônia,,,,-6.50316,-52.49003,22.4
2024/09/16 17:49:00,AQUA_M-T,Brasil,PARÁ,SÃO FÉLIX DO XINGU,Amazônia,,,,-6.49683,-52.50926,20.8
2024/09/16 17:49:00,AQUA_M-T,Brasil,PARÁ,SÃO FÉLIX DO XINGU,Amazônia,,,,-6.49554,-52.50031,50.5
2024/09/16 17:47:00,AQUA_M-T,Brasil,PARÁ,OURILÂNDIA DO NORTE,Amazônia,,,,-8.04008,-51.70631,11.7
2024/09/16 17:47:00,AQUA_M-T,Brasil,PARÁ,OURILÂNDIA DO NORTE,Amazônia,,,,-8.03122,-51.70763,10.6
2024/09/16 17:47:00,AQUA_M-T,Brasil,PARÁ,OURILÂNDIA DO NORTE,Amazônia,,,,-8.01351,-51.71027,8.9
2024/09/16 17:47:00,AQUA_M-T,Brasil,PARÁ,OURILÂNDIA DO NORTE,Amazônia,,,,-8.00465,-51.71159,12.0
2024/09/16 17:47:00,AQUA_M-T,Brasil,PARÁ,OURILÂNDIA DO NORTE,Amazônia,,,,-7.97935,-51.72441,9.1
2024/09/16 17:47:00,AQUA_M-T,Brasil,PARÁ,OURILÂNDIA DO NORTE,Amazônia,,,,-7.96003,-51.72385,9.7
2024/09/16 17:47:00,AQUA_M-T,Brasil,PARÁ,OURILÂNDIA DO NORTE,Amazônia,,,,-7.95874,-51.71495,16.3
2024/09/16 17:47:00,AQUA_M-T,Brasil,PARÁ,OURILÂNDIA DO NORTE,Amazônia,,,,-7.94746,-51.76207,10.7
2024/09/16 17:47:00,AQUA_M-T,Brasil,PARÁ,OURILÂNDIA DO NORTE,Amazônia,,,,-7.94489,-51.74427,22.3
2024/09/16 17:47:00,AQUA_M-T,Brasil,PARÁ,OURILÂNDIA DO NORTE,Amazônia,,,,-7.9436,-51.73537,29.3
2024/09/16 17:47:00,AQUA_M-T,Brasil,PARÁ,OURILÂNDIA DO NORTE,Amazônia,,,,-7.9386,-51.7634,25.3
2024/09/16 17:47:00,AQUA_M-T,Brasil,PARÁ,OURILÂNDIA DO NORTE,Amazônia,,,,-7.93731,-51.75449,16.7
2024/09/16 17:47:00,AQUA_M-T,Brasil,PARÁ,OURILÂNDIA DO NORTE,Amazônia,,,,-7.93603,-51.74559,130.9
2024/09/16 17:47:00,AQUA_M-T,Brasil,PARÁ,OURILÂNDIA DO NORTE,Amazônia,,,,-7.92602,-51.80161,15.9
2024/09/16 17:47:00,AQUA_M-T,Brasil,PARÁ,OURILÂNDIA DO NORTE,Amazônia,,,,-7.9223,-51.83857,8.1
2024/09/16 17:47:00,AQUA_M-T,Brasil,PARÁ,SÃO FÉLIX DO XINGU,Amazônia,,,,-7.88758,-52.75435,13.3
2024/09/16 17:47:00,AQUA_M-T,Brasil,PARÁ,SÃO FÉLIX DO XINGU,Amazônia,,,,-7.87761,-52.87962,7.2
2024/09/16 17:47:00,AQUA_M-T,Brasil,PARÁ,SÃO FÉLIX DO XINGU,Amazônia,,,,-7.85813,-52.87292,9.2
2024/09/16 17:47:00,AQUA_M-T,Brasil,PARÁ,SÃO FÉLIX DO XINGU,Amazônia,,,,-7.85239,-52.63674,10.0
2024/09/16 17:47:00,AQUA_M-T,Brasil,PARÁ,SÃO FÉLIX DO XINGU,Amazônia,,,,-7.84498,-52.7796,7.7
2024/09/16 17:47:00,AQUA_M-T,Brasil,PARÁ,SÃO FÉLIX DO XINGU,Amazônia,,,,-7.82263,-52.55666,15.4
2024/09/16 17:47:00,AQUA_M-T,Brasil,PARÁ,SÃO FÉLIX DO XINGU,Amazônia,,,,-7.81494,-52.56714,11.8
2024/09/16 17:47:00,AQUA_M-T,Brasil,PARÁ,SÃO FÉLIX DO XINGU,Amazônia,,,,-7.81409,-52.17789,29.2
2024/09/16 17:47:00,AQUA_M-T,Brasil,PARÁ,SÃO FÉLIX DO XINGU,Amazônia,,,,-7.81364,-52.55797,21.3
2024/09/16 17:47:00,AQUA_M-T,Brasil,PARÁ,SÃO FÉLIX DO XINGU,Amazônia,,,,-7.80598,-52.57494,11.1
2024/09/16 17:47:00,AQUA_M-T,Brasil,PARÁ,SÃO FÉLIX DO XINGU,Amazônia,,,,-7.80465,-52.56576,12.3
2024/09/16 17:47:00,AQUA_M-T,Brasil,PARÁ,SÃO FÉLIX DO XINGU,Amazônia,,,,-7.79962,-52.59461,6.3
2024/09/16 17:47:00,AQUA_M-T,Brasil,PARÁ,SÃO FÉLIX DO XINGU,Amazônia,,,,-7.79794,-52.84054,6.3
2024/09/16 17:47:00,AQUA_M-T,Brasil,PARÁ,SÃO FÉLIX DO XINGU,Amazônia,,,,-7.79591,-52.63269,8.0
2024/09/16 17:47:00,AQUA_M-T,Brasil,PARÁ,SÃO FÉLIX DO XINGU,Amazônia,,,,-7.00237,-51.72757,15.7
2024/09/16 17:47:00,AQUA_M-T,Brasil,PARÁ,SÃO FÉLIX DO XINGU,Amazônia,,,,-7.00109,-51.7187,20.0
2024/09/16 17:47:00,AQUA_M-T,Brasil,PARÁ,SÃO FÉLIX DO XINGU,Amazônia,,,,-6.99352,-51.72888,10.5
2024/09/16 17:47:00,AQUA_M-T,Brasil,PARÁ,SÃO FÉLIX DO XINGU,Amazônia,,,,-6.99223,-51.72001,14.2
2024/09/16 17:49:00,AQUA_M-T,Brasil,PARÁ,SÃO FÉLIX DO XINGU,Amazônia,,,,-6.96347,-51.91195,12.9
2024/09/16 17:49:00,AQUA_M-T,Brasil,PARÁ,SÃO FÉLIX DO XINGU,Amazônia,,,,-6.85525,-51.79771,21.1
2024/09/16 17:47:00,AQUA_M-T,Brasil,PARÁ,SÃO FÉLIX DO XINGU,Amazônia,,,,-7.60785,-51.90068,12.0
2024/09/16 17:47:00,AQUA_M-T,Brasil,PARÁ,SÃO FÉLIX DO XINGU,Amazônia,,,,-7.53322,-51.96359,20.2
2024/09/16 17:47:00,AQUA_M-T,Brasil,PARÁ,SÃO FÉLIX DO XINGU,Amazônia,,,,-7.52436,-51.96494,23.5
2024/09/16 17:47:00,AQUA_M-T,Brasil,PARÁ,SÃO FÉLIX DO XINGU,Amazônia,,,,-7.52306,-51.95599,15.0
2024/09/16 17:47:00,AQUA_M-T,Brasil,PARÁ,SÃO FÉLIX DO XINGU,Amazônia,,,,-7.50791,-51.97649,8.6
2024/09/16 17:47:00,AQUA_M-T,Brasil,PARÁ,SÃO FÉLIX DO XINGU,Amazônia,,,,-7.50661,-51.96756,7.3
2024/09/16 17:47:00,AQUA_M-T,Brasil,PARÁ,SÃO FÉLIX DO XINGU,Amazônia,,,,-7.49774,-51.96889,8.5
2024/09/16 17:47:00,AQUA_M-T,Brasil,PARÁ,SÃO FÉLIX DO XINGU,Amazônia,,,,-7.46097,-51.96523,50.3
2024/09/16 17:47:00,AQUA_M-T,Brasil,PARÁ,SÃO FÉLIX DO XINGU,Amazônia,,,,-7.43042,-52.01178,8.7
2024/09/16 17:47:00,AQUA_M-T,Brasil,PARÁ,SÃO FÉLIX DO XINGU,Amazônia,,,,-7.42284,-52.02203,15.9
2024/09/16 17:47:00,AQUA_M-T,Brasil,PARÁ,SÃO FÉLIX DO XINGU,Amazônia,,,,-7.42154,-52.01307,14.5
2024/09/16 17:47:00,AQUA_M-T,Brasil,PARÁ,SÃO FÉLIX DO XINGU,Amazônia,,,,-7.41627,-51.91392,26.4
2024/09/16 17:47:00,AQUA_M-T,Brasil,PARÁ,SÃO FÉLIX DO XINGU,Amazônia,,,,-7.41395,-52.0233,50.5
2024/09/16 17:47:00,AQUA_M-T,Brasil,PARÁ,SÃO FÉLIX DO XINGU,Amazônia,,,,-7.41267,-52.01437,116.9
2024/09/16 17:47:00,AQUA_M-T,Brasil,PARÁ,SÃO FÉLIX DO XINGU,Amazônia,,,,-7.41138,-52.0055,47.0
2024/09/16 17:47:00,AQUA_M-T,Brasil,PARÁ,SÃO FÉLIX DO XINGU,Amazônia,,,,-7.4101,-51.99662,11.9
2024/09/16 17:47:00,AQUA_M-T,Brasil,PARÁ,SÃO FÉLIX DO XINGU,Amazônia,,,,-7.4074,-51.91522,55.9
2024/09/16 17:47:00,AQUA_M-T,Brasil,PARÁ,SÃO FÉLIX DO XINGU,Amazônia,,,,-7.40252,-52.00684,38.3
2024/09/16 17:47:00,AQUA_M-T,Brasil,PARÁ,SÃO FÉLIX DO XINGU,Amazônia,,,,-7.40238,-51.94318,9.3
2024/09/16 17:47:00,AQUA_M-T,Brasil,PARÁ,SÃO FÉLIX DO XINGU,Amazônia,,,,-7.40123,-51.99794,81.4
2024/09/16 17:47:00,AQUA_M-T,Brasil,PARÁ,SÃO FÉLIX DO XINGU,Amazônia,,,,-7.39995,-51.98903,26.8
2024/09/16 17:47:00,AQUA_M-T,Brasil,PARÁ,SÃO FÉLIX DO XINGU,Amazônia,,,,-7.39981,-51.92539,22.2
2024/09/16 17:47:00,AQUA_M-T,Brasil,PARÁ,SÃO FÉLIX DO XINGU,Amazônia,,,,-7.39866,-51.9801,16.9
2024/09/16 17:47:00,AQUA_M-T,Brasil,PARÁ,SÃO FÉLIX DO XINGU,Amazônia,,,,-7.39737,-51.9712,15.3
2024/09/16 17:47:00,AQUA_M-T,Brasil,PARÁ,SÃO FÉLIX DO XINGU,Amazônia,,,,-7.39595,-51.89873,13.3
2024/09/16 17:47:00,AQUA_M-T,Brasil,PARÁ,SÃO FÉLIX DO XINGU,Amazônia,,,,-7.39467,-51.88984,17.2
2024/09/16 17:47:00,AQUA_M-T,Brasil,PARÁ,SÃO FÉLIX DO XINGU,Amazônia,,,,-7.39338,-51.88094,9.9
2024/09/16 17:47:00,AQUA_M-T,Brasil,PARÁ,SÃO FÉLIX DO XINGU,Amazônia,,,,-7.3858,-51.89114,21.5
2024/09/16 17:47:00,AQUA_M-T,Brasil,PARÁ,SÃO FÉLIX DO XINGU,Amazônia,,,,-7.38452,-51.88224,57.1
2024/09/16 17:47:00,AQUA_M-T,Brasil,PARÁ,SÃO FÉLIX DO XINGU,Amazônia,,,,-7.37308,-51.86577,18.2
2024/09/16 17:47:00,AQUA_M-T,Brasil,PARÁ,SÃO FÉLIX DO XINGU,Amazônia,,,,-7.36422,-51.86708,11.0
2024/09/16 17:47:00,AQUA_M-T,Brasil,PARÁ,SÃO FÉLIX DO XINGU,Amazônia,,,,-7.35535,-51.86839,25.2
2024/09/16 17:47:00,AQUA_M-T,Brasil,PARÁ,SÃO FÉLIX DO XINGU,Amazônia,,,,-7.3365,-51.94119,9.2
2024/09/16 17:47:00,AQUA_M-T,Brasil,PARÁ,SÃO FÉLIX DO XINGU,Amazônia,,,,-7.33521,-51.93229,21.1
2024/09/16 17:47:00,AQUA_M-T,Brasil,PARÁ,SÃO FÉLIX DO XINGU,Amazônia,,,,-7.33149,-51.96917,19.5
2024/09/16 17:47:00,AQUA_M-T,Brasil,PARÁ,SÃO FÉLIX DO XINGU,Amazônia,,,,-7.33021,-51.96032,49.2
2024/09/16 17:47:00,AQUA_M-T,Brasil,PARÁ,SÃO FÉLIX DO XINGU,Amazônia,,,,-7.32892,-51.95139,21.6
2024/09/16 17:47:00,AQUA_M-T,Brasil,PARÁ,SÃO FÉLIX DO XINGU,Amazônia,,,,-7.32506,-51.92474,15.1
2024/09/16 17:47:00,AQUA_M-T,Brasil,PARÁ,SÃO FÉLIX DO XINGU,Amazônia,,,,-7.32391,-51.9794,28.9
2024/09/16 17:47:00,AQUA_M-T,Brasil,PARÁ,SÃO FÉLIX DO XINGU,Amazônia,,,,-7.32378,-51.91589,30.7
2024/09/16 17:47:00,AQUA_M-T,Brasil,PARÁ,SÃO FÉLIX DO XINGU,Amazônia,,,,-7.32263,-51.9705,28.0
2024/09/16 17:47:00,AQUA_M-T,Brasil,PARÁ,SÃO FÉLIX DO XINGU,Amazônia,,,,-7.3225,-51.90701,13.8
2024/09/16 17:47:00,AQUA_M-T,Brasil,PARÁ,SÃO FÉLIX DO XINGU,Amazônia,,,,-7.31992,-51.88923,20.4
2024/09/16 17:47:00,AQUA_M-T,Brasil,PARÁ,SÃO FÉLIX DO XINGU,Amazônia,,,,-7.29731,-51.98336,16.7
2024/09/16 17:47:00,AQUA_M-T,Brasil,PARÁ,SÃO FÉLIX DO XINGU,Amazônia,,,,-7.29602,-51.97443,55.2
2024/09/16 17:47:00,AQUA_M-T,Brasil,PARÁ,SÃO FÉLIX DO XINGU,Amazônia,,,,-7.29474,-51.96555,22.9
2024/09/16 17:47:00,AQUA_M-T,Brasil,PARÁ,SÃO FÉLIX DO XINGU,Amazônia,,,,-7.29346,-51.95668,16.0
2024/09/16 17:47:00,AQUA_M-T,Brasil,PARÁ,SÃO FÉLIX DO XINGU,Amazônia,,,,-7.29217,-51.9478,19.0
2024/09/16 17:47:00,AQUA_M-T,Brasil,PARÁ,SÃO FÉLIX DO XINGU,Amazônia,,,,-7.29089,-51.93892,12.2
2024/09/16 17:47:00,AQUA_M-T,Brasil,PARÁ,SÃO FÉLIX DO XINGU,Amazônia,,,,-7.2756,-51.89577,8.3
2024/09/16 17:47:00,AQUA_M-T,Brasil,PARÁ,SÃO FÉLIX DO XINGU,Amazônia,,,,-7.27432,-51.88688,54.5
2024/09/16 17:47:00,AQUA_M-T,Brasil,PARÁ,SÃO FÉLIX DO XINGU,Amazônia,,,,-7.27303,-51.87799,28.6
2024/09/16 17:47:00,AQUA_M-T,Brasil,PARÁ,SÃO FÉLIX DO XINGU,Amazônia,,,,-7.26802,-51.90597,152.7
2024/09/16 17:47:00,AQUA_M-T,Brasil,PARÁ,SÃO FÉLIX DO XINGU,Amazônia,,,,-7.26674,-51.89708,73.7
2024/09/16 17:47:00,AQUA_M-T,Brasil,PARÁ,SÃO FÉLIX DO XINGU,Amazônia,,,,-7.26545,-51.88819,124.6
2024/09/16 17:47:00,AQUA_M-T,Brasil,PARÁ,SÃO FÉLIX DO XINGU,Amazônia,,,,-7.74291,-52.90198,8.0
2024/09/16 17:47:00,AQUA_M-T,Brasil,PARÁ,SÃO FÉLIX DO XINGU,Amazônia,,,,-7.74157,-52.8926,8.5
2024/09/16 17:47:00,AQUA_M-T,Brasil,PARÁ,SÃO FÉLIX DO XINGU,Amazônia,,,,-7.64176,-52.26126,9.0
2024/09/16 17:47:00,AQUA_M-T,Brasil,PARÁ,SÃO FÉLIX DO XINGU,Amazônia,,,,-7.59074,-52.22276,10.7
2024/09/16 17:47:00,AQUA_M-T,Brasil,PARÁ,SÃO FÉLIX DO XINGU,Amazônia,,,,-7.48963,-52.74218,6.1
2024/09/16 17:47:00,AQUA_M-T,Brasil,PARÁ,SÃO FÉLIX DO XINGU,Amazônia,,,,-7.37626,-52.59686,7.7
2024/09/16 17:47:00,AQUA_M-T,Brasil,PARÁ,SÃO FÉLIX DO XINGU,Amazônia,,,,-7.37496,-52.58773,15.2
2024/09/16 17:47:00,AQUA_M-T,Brasil,PARÁ,SÃO FÉLIX DO XINGU,Amazônia,,,,-7.36493,-52.77271,6.5
2024/09/16 17:47:00,AQUA_M-T,Brasil,PARÁ,SÃO FÉLIX DO XINGU,Amazônia,,,,-7.34358,-52.56089,9.2
2024/09/16 17:47:00,AQUA_M-T,Brasil,PARÁ,SÃO FÉLIX DO XINGU,Amazônia,,,,-7.33373,-52.68351,8.1
2024/09/16 17:47:00,AQUA_M-T,Brasil,PARÁ,SÃO FÉLIX DO XINGU,Amazônia,,,,-7.32881,-52.77761,46.8
2024/09/16 17:47:00,AQUA_M-T,Brasil,PARÁ,SÃO FÉLIX DO XINGU,Amazônia,,,,-7.32749,-52.76833,44.0
2024/09/16 17:47:00,AQUA_M-T,Brasil,PARÁ,SÃO FÉLIX DO XINGU,Amazônia,,,,-7.32434,-52.55441,16.5
2024/09/16 17:47:00,AQUA_M-T,Brasil,PARÁ,SÃO FÉLIX DO XINGU,Amazônia,,,,-7.31965,-52.7135,8.6
2024/09/16 17:47:00,AQUA_M-T,Brasil,PARÁ,SÃO FÉLIX DO XINGU,Amazônia,,,,-7.30559,-52.74378,15.0
2024/09/16 17:47:00,AQUA_M-T,Brasil,PARÁ,SÃO FÉLIX DO XINGU,Amazônia,,,,-7.29892,-52.63259,15.6
2024/09/16 17:47:00,AQUA_M-T,Brasil,PARÁ,SÃO FÉLIX DO XINGU,Amazônia,,,,-7.29124,-52.64303,9.4
2024/09/16 17:47:00,AQUA_M-T,Brasil,PARÁ,SÃO FÉLIX DO XINGU,Amazônia,,,,-7.27847,-52.68224,15.8
2024/09/16 17:47:00,AQUA_M-T,Brasil,PARÁ,SÃO FÉLIX DO XINGU,Amazônia,,,,-7.27693,-52.54271,10.3
2024/09/16 17:47:00,AQUA_M-T,Brasil,PARÁ,SÃO FÉLIX DO XINGU,Amazônia,,,,-7.27562,-52.53357,16.3
2024/09/16 17:47:00,AQUA_M-T,Brasil,PARÁ,SÃO FÉLIX DO XINGU,Amazônia,,,,-7.26265,-52.44279,26.5
2024/09/16 17:47:00,AQUA_M-T,Brasil,PARÁ,SÃO FÉLIX DO XINGU,Amazônia,,,,-7.25894,-52.61688,13.2
2024/09/16 17:47:00,AQUA_M-T,Brasil,PARÁ,SÃO FÉLIX DO XINGU,Amazônia,,,,-7.25522,-52.65467,7.0
2024/09/16 17:47:00,AQUA_M-T,Brasil,PARÁ,SÃO FÉLIX DO XINGU,Amazônia,,,,-7.2539,-52.64555,5.5
2024/09/16 17:47:00,AQUA_M-T,Brasil,PARÁ,SÃO FÉLIX DO XINGU,Amazônia,,,,-7.24624,-52.65599,13.3
2024/09/16 17:47:00,AQUA_M-T,Brasil,PARÁ,SÃO FÉLIX DO XINGU,Amazônia,,,,-7.24137,-52.75002,9.7
2024/09/16 17:47:00,AQUA_M-T,Brasil,PARÁ,SÃO FÉLIX DO XINGU,Amazônia,,,,-7.24004,-52.74074,14.9
2024/09/16 17:47:00,AQUA_M-T,Brasil,PARÁ,SÃO FÉLIX DO XINGU,Amazônia,,,,-7.23266,-52.43513,9.7
2024/09/16 17:47:00,AQUA_M-T,Brasil,PARÁ,SÃO FÉLIX DO XINGU,Amazônia,,,,-7.23238,-52.7514,9.3
2024/09/16 17:47:00,AQUA_M-T,Brasil,PARÁ,SÃO FÉLIX DO XINGU,Amazônia,,,,-7.23138,-52.4262,10.2
2024/09/16 17:47:00,AQUA_M-T,Brasil,PARÁ,SÃO FÉLIX DO XINGU,Amazônia,,,,-7.22697,-52.64948,7.6
2024/09/16 17:47:00,AQUA_M-T,Brasil,PARÁ,SÃO FÉLIX DO XINGU,Amazônia,,,,-7.22339,-52.75287,19.4
2024/09/16 17:47:00,AQUA_M-T,Brasil,PARÁ,SÃO FÉLIX DO XINGU,Amazônia,,,,-7.19177,-52.4044,26.3
2024/09/16 17:47:00,AQUA_M-T,Brasil,PARÁ,SÃO FÉLIX DO XINGU,Amazônia,,,,-7.17651,-52.42507,39.2
2024/09/16 17:47:00,AQUA_M-T,Brasil,PARÁ,SÃO FÉLIX DO XINGU,Amazônia,,,,-7.17522,-52.41607,10.4
2024/09/16 17:47:00,AQUA_M-T,Brasil,PARÁ,SÃO FÉLIX DO XINGU,Amazônia,,,,-7.17005,-52.38005,13.0
2024/09/16 17:47:00,AQUA_M-T,Brasil,PARÁ,SÃO FÉLIX DO XINGU,Amazônia,,,,-7.15383,-52.77821,12.4
2024/09/16 17:47:00,AQUA_M-T,Brasil,PARÁ,SÃO FÉLIX DO XINGU,Amazônia,,,,-7.14483,-52.77953,15.5
2024/09/16 17:47:00,AQUA_M-T,Brasil,PARÁ,SÃO FÉLIX DO XINGU,Amazônia,,,,-7.13433,-52.70612,28.8
2024/09/16 17:47:00,AQUA_M-T,Brasil,PARÁ,SÃO FÉLIX DO XINGU,Amazônia,,,,-7.13204,-52.81891,7.1
2024/09/16 17:47:00,AQUA_M-T,Brasil,PARÁ,SÃO FÉLIX DO XINGU,Amazônia,,,,-7.11929,-52.34742,13.5
2024/09/16 17:47:00,AQUA_M-T,Brasil,PARÁ,SÃO FÉLIX DO XINGU,Amazônia,,,,-7.11167,-52.35771,14.0
2024/09/16 17:47:00,AQUA_M-T,Brasil,PARÁ,SÃO FÉLIX DO XINGU,Amazônia,,,,-7.10405,-52.36801,153.9
2024/09/16 17:47:00,AQUA_M-T,Brasil,PARÁ,SÃO FÉLIX DO XINGU,Amazônia,,,,-7.10276,-52.35902,71.9
2024/09/16 17:47:00,AQUA_M-T,Brasil,PARÁ,OURILÂNDIA DO NORTE,Amazônia,,,,-7.70044,-51.84483,10.4
2024/09/16 17:47:00,AQUA_M-T,Brasil,PARÁ,OURILÂNDIA DO NORTE,Amazônia,,,,-7.49962,-51.65332,10.8
2024/09/16 17:47:00,AQUA_M-T,Brasil,PARÁ,OURILÂNDIA DO NORTE,Amazônia,,,,-7.47813,-51.70836,7.5
2024/09/16 17:47:00,AQUA_M-T,Brasil,PARÁ,OURILÂNDIA DO NORTE,Amazônia,,,,-7.47684,-51.69949,5.4
2024/09/16 17:47:00,AQUA_M-T,Brasil,PARÁ,OURILÂNDIA DO NORTE,Amazônia,,,,-7.47442,-51.7452,8.0
2024/09/16 17:47:00,AQUA_M-T,Brasil,PARÁ,OURILÂNDIA DO NORTE,Amazônia,,,,-7.43641,-51.73268,7.3
2024/09/16 17:47:00,AQUA_M-T,Brasil,PARÁ,OURILÂNDIA DO NORTE,Amazônia,,,,-7.43512,-51.7238,9.5
2024/09/16 17:47:00,AQUA_M-T,Brasil,PARÁ,OURILÂNDIA DO NORTE,Amazônia,,,,-7.39179,-51.74501,6.2
2024/09/16 17:47:00,AQUA_M-T,Brasil,PARÁ,OURILÂNDIA DO NORTE,Amazônia,,,,-7.37408,-51.74763,6.6
2024/09/16 17:47:00,AQUA_M-T,Brasil,PARÁ,SÃO FÉLIX DO XINGU,Amazônia,,,,-7.34392,-51.85192,14.1
2024/09/16 17:47:00,AQUA_M-T,Brasil,PARÁ,OURILÂNDIA DO NORTE,Amazônia,,,,-7.3056,-51.72805,11.3
2024/09/16 17:47:00,AQUA_M-T,Brasil,PARÁ,OURILÂNDIA DO NORTE,Amazônia,,,,-7.28788,-51.73067,11.7
2024/09/16 17:47:00,AQUA_M-T,Brasil,PARÁ,SÃO FÉLIX DO XINGU,Amazônia,,,,-7.27675,-51.84114,8.2
2024/09/16 17:47:00,AQUA_M-T,Brasil,PARÁ,SÃO FÉLIX DO XINGU,Amazônia,,,,-7.26918,-51.85134,33.1
2024/09/16 17:47:00,AQUA_M-T,Brasil,PARÁ,SÃO FÉLIX DO XINGU,Amazônia,,,,-7.26789,-51.84245,27.7
2024/09/16 17:47:00,AQUA_M-T,Brasil,PARÁ,SÃO FÉLIX DO XINGU,Amazônia,,,,-7.24888,-51.83619,25.8
2024/09/16 17:47:00,AQUA_M-T,Brasil,PARÁ,SÃO FÉLIX DO XINGU,Amazônia,,,,-7.2476,-51.82731,35.1
2024/09/16 17:47:00,AQUA_M-T,Brasil,PARÁ,OURILÂNDIA DO NORTE,Amazônia,,,,-7.24731,-51.70042,4.8
2024/09/16 17:47:00,AQUA_M-T,Brasil,PARÁ,SÃO FÉLIX DO XINGU,Amazônia,,,,-7.24631,-51.81843,14.2
2024/09/16 17:47:00,AQUA_M-T,Brasil,PARÁ,SÃO FÉLIX DO XINGU,Amazônia,,,,-7.2436,-51.73723,6.7
2024/09/16 17:47:00,AQUA_M-T,Brasil,PARÁ,SÃO FÉLIX DO XINGU,Amazônia,,,,-7.23715,-51.82555,17.6
2024/09/16 17:47:00,AQUA_M-T,Brasil,PARÁ,SÃO FÉLIX DO XINGU,Amazônia,,,,-7.23587,-51.81668,37.3
2024/09/16 17:47:00,AQUA_M-T,Brasil,PARÁ,SÃO FÉLIX DO XINGU,Amazônia,,,,-7.22701,-51.81799,11.8
2024/09/16 17:47:00,AQUA_M-T,Brasil,PARÁ,SÃO FÉLIX DO XINGU,Amazônia,,,,-7.22572,-51.80911,7.8
2024/09/16 17:47:00,AQUA_M-T,Brasil,PARÁ,OURILÂNDIA DO NORTE,Amazônia,,,,-7.21526,-51.67469,71.2
2024/09/16 17:47:00,AQUA_M-T,Brasil,PARÁ,SÃO FÉLIX DO XINGU,Amazônia,,,,-7.21027,-51.70261,10.5
2024/09/16 17:47:00,AQUA_M-T,Brasil,PARÁ,SÃO FÉLIX DO XINGU,Amazônia,,,,-7.20543,-51.79396,6.4
2024/09/16 17:47:00,AQUA_M-T,Brasil,PARÁ,SÃO FÉLIX DO XINGU,Amazônia,,,,-7.20414,-51.7851,5.8
2024/09/16 17:47:00,AQUA_M-T,Brasil,PARÁ,SÃO FÉLIX DO XINGU,Amazônia,,,,-7.2027,-51.7128,10.2
2024/09/16 17:47:00,AQUA_M-T,Brasil,PARÁ,SÃO FÉLIX DO XINGU,Amazônia,,,,-7.20157,-51.76735,5.8
2024/09/16 17:47:00,AQUA_M-T,Brasil,PARÁ,OURILÂNDIA DO NORTE,Amazônia,,,,-7.16712,-51.65463,44.2
2024/09/16 17:47:00,AQUA_M-T,Brasil,PARÁ,SÃO FÉLIX DO XINGU,Amazônia,,,,-7.15827,-51.65594,26.2
2024/09/16 17:47:00,AQUA_M-T,Brasil,PARÁ,SÃO FÉLIX DO XINGU,Amazônia,,,,-7.10377,-51.6705,16.8
2024/09/16 17:47:00,AQUA_M-T,Brasil,PARÁ,SÃO FÉLIX DO XINGU,Amazônia,,,,-7.09621,-51.68068,9.1
2024/09/16 17:47:00,AQUA_M-T,Brasil,PARÁ,SÃO FÉLIX DO XINGU,Amazônia,,,,-7.08864,-51.69086,20.9
2024/09/16 17:47:00,AQUA_M-T,Brasil,PARÁ,SÃO FÉLIX DO XINGU,Amazônia,,,,-7.08735,-51.682,39.5
2024/09/16 17:47:00,AQUA_M-T,Brasil,PARÁ,SÃO FÉLIX DO XINGU,Amazônia,,,,-9.28944,-51.99219,12.5
2024/09/16 17:47:00,AQUA_M-T,Brasil,PARÁ,SÃO FÉLIX DO XINGU,Amazônia,,,,-9.27919,-51.9844,22.3
2024/09/16 17:47:00,AQUA_M-T,Brasil,PARÁ,SÃO FÉLIX DO XINGU,Amazônia,,,,-9.27898,-51.91961,19.0
2024/09/16 17:47:00,AQUA_M-T,Brasil,PARÁ,SÃO FÉLIX DO XINGU,Amazônia,,,,-9.27136,-51.92999,33.2
2024/09/16 17:47:00,AQUA_M-T,Brasil,PARÁ,SÃO FÉLIX DO XINGU,Amazônia,,,,-9.26895,-51.97664,11.7
2024/09/16 17:47:00,AQUA_M-T,Brasil,PARÁ,SÃO FÉLIX DO XINGU,Amazônia,,,,-9.26133,-51.98706,8.2
2024/09/16 17:47:00,AQUA_M-T,Brasil,PARÁ,SÃO FÉLIX DO XINGU,Amazônia,,,,-9.25351,-51.9326,7.1
2024/09/16 17:47:00,AQUA_M-T,Brasil,PARÁ,SÃO FÉLIX DO XINGU,Amazônia,,,,-9.1816,-52.01455,16.6
2024/09/16 17:47:00,AQUA_M-T,Brasil,PARÁ,SÃO FÉLIX DO XINGU,Amazônia,,,,-9.17397,-52.02494,10.3
2024/09/16 17:47:00,AQUA_M-T,Brasil,PARÁ,SÃO FÉLIX DO XINGU,Amazônia,,,,-9.17266,-52.01586,7.4
2024/09/16 17:47:00,AQUA_M-T,Brasil,PARÁ,SÃO FÉLIX DO XINGU,Amazônia,,,,-9.01052,-52.04256,29.2
2024/09/16 17:47:00,AQUA_M-T,Brasil,PARÁ,SÃO FÉLIX DO XINGU,Amazônia,,,,-8.96572,-51.98449,10.9
2024/09/16 17:47:00,AQUA_M-T,Brasil,PARÁ,SÃO FÉLIX DO XINGU,Amazônia,,,,-8.96442,-51.97543,7.6
2024/09/16 17:47:00,AQUA_M-T,Brasil,PARÁ,CUMARU DO NORTE,Amazônia,,,,-8.77233,-51.79519,84.4
2024/09/16 17:47:00,AQUA_M-T,Brasil,PARÁ,CUMARU DO NORTE,Amazônia,,,,-8.76473,-51.80544,22.9
2024/09/16 17:47:00,AQUA_M-T,Brasil,PARÁ,CUMARU DO NORTE,Amazônia,,,,-8.76343,-51.79644,23.9
2024/09/16 17:47:00,AQUA_M-T,Brasil,PARÁ,SÃO FÉLIX DO XINGU,Amazônia,,,,-8.69228,-51.81278,6.2
2024/09/16 17:47:00,AQUA_M-T,Brasil,PARÁ,SÃO FÉLIX DO XINGU,Amazônia,,,,-8.60629,-51.85958,11.6
2024/09/16 17:47:00,AQUA_M-T,Brasil,PARÁ,SÃO FÉLIX DO XINGU,Amazônia,,,,-8.45001,-51.85163,12.3
2024/09/16 17:47:00,AQUA_M-T,Brasil,PARÁ,SÃO FÉLIX DO XINGU,Amazônia,,,,-8.42609,-51.82518,7.8
2024/09/16 17:47:00,AQUA_M-T,Brasil,PARÁ,CUMARU DO NORTE,Amazônia,,,,-8.35751,-51.78965,11.9
2024/09/16 17:47:00,AQUA_M-T,Brasil,PARÁ,CUMARU DO NORTE,Amazônia,,,,-8.337,-51.7801,10.6
2024/09/16 17:47:00,AQUA_M-T,Brasil,PARÁ,CUMARU DO NORTE,Amazônia,,,,-8.33571,-51.77116,9.0
2024/09/16 17:47:00,AQUA_M-T,Brasil,PARÁ,CUMARU DO NORTE,Amazônia,,,,-8.32814,-51.78146,12.1
2024/09/16 17:47:00,AQUA_M-T,Brasil,PARÁ,CUMARU DO NORTE,Amazônia,,,,-8.31927,-51.78278,17.2
2024/09/16 17:47:00,AQUA_M-T,Brasil,PARÁ,CUMARU DO NORTE,Amazônia,,,,-8.29523,-51.80454,16.5
2024/09/16 17:47:00,AQUA_M-T,Brasil,PARÁ,CUMARU DO NORTE,Amazônia,,,,-8.28893,-51.82372,11.5
2024/09/16 17:47:00,AQUA_M-T,Brasil,PARÁ,OURILÂNDIA DO NORTE,Amazônia,,,,-8.19145,-51.85376,24.4
2024/09/16 17:47:00,AQUA_M-T,Brasil,PARÁ,OURILÂNDIA DO NORTE,Amazônia,,,,-8.18257,-51.85511,14.2
2024/09/16 17:47:00,AQUA_M-T,Brasil,PARÁ,OURILÂNDIA DO NORTE,Amazônia,,,,-8.15951,-51.82776,10.4
2024/09/16 17:47:00,AQUA_M-T,Brasil,PARÁ,OURILÂNDIA DO NORTE,Amazônia,,,,-8.15822,-51.81884,33.1
2024/09/16 17:47:00,AQUA_M-T,Brasil,PARÁ,OURILÂNDIA DO NORTE,Amazônia,,,,-8.15563,-51.80098,12.1
2024/09/16 17:47:00,AQUA_M-T,Brasil,PARÁ,OURILÂNDIA DO NORTE,Amazônia,,,,-8.15435,-51.79208,12.1
2024/09/16 17:47:00,AQUA_M-T,Brasil,PARÁ,OURILÂNDIA DO NORTE,Amazônia,,,,-8.14919,-51.75644,8.1
2024/09/16 17:47:00,AQUA_M-T,Brasil,PARÁ,OURILÂNDIA DO NORTE,Amazônia,,,,-8.13904,-51.74886,21.8
2024/09/16 17:47:00,AQUA_M-T,Brasil,PARÁ,OURILÂNDIA DO NORTE,Amazônia,,,,-8.09971,-51.72736,8.3
2024/09/16 17:47:00,AQUA_M-T,Brasil,PARÁ,OURILÂNDIA DO NORTE,Amazônia,,,,-8.09842,-51.71845,8.8
2024/09/16 17:47:00,AQUA_M-T,Brasil,PARÁ,SÃO FÉLIX DO XINGU,Amazônia,,,,-8.52827,-52.14383,9.4
2024/09/16 17:47:00,AQUA_M-T,Brasil,PARÁ,SÃO FÉLIX DO XINGU,Amazônia,,,,-8.52435,-52.11654,10.0
2024/09/16 17:47:00,AQUA_M-T,Brasil,PARÁ,SÃO FÉLIX DO XINGU,Amazônia,,,,-8.51428,-52.17361,18.5
2024/09/16 17:47:00,AQUA_M-T,Brasil,PARÁ,SÃO FÉLIX DO XINGU,Amazônia,,,,-8.50664,-52.18403,9.2
2024/09/16 17:47:00,AQUA_M-T,Brasil,PARÁ,SÃO FÉLIX DO XINGU,Amazônia,,,,-8.49239,-52.08413,9.7
2024/09/16 17:47:00,AQUA_M-T,Brasil,PARÁ,SÃO FÉLIX DO XINGU,Amazônia,,,,-8.4768,-51.91179,7.2
2024/09/16 17:47:00,AQUA_M-T,Brasil,PARÁ,SÃO FÉLIX DO XINGU,Amazônia,,,,-8.47551,-51.90283,6.8
2024/09/16 17:47:00,AQUA_M-T,Brasil,PARÁ,CUMARU DO NORTE,Amazônia,,,,-8.24228,-51.89191,5.5
2024/09/16 17:47:00,AQUA_M-T,Brasil,PARÁ,OURILÂNDIA DO NORTE,Amazônia,,,,-8.14193,-51.89423,11.8
2024/09/16 17:47:00,AQUA_M-T,Brasil,PARÁ,OURILÂNDIA DO NORTE,Amazônia,,,,-8.13434,-51.90449,6.2
2024/09/16 17:47:00,AQUA_M-T,Brasil,PARÁ,OURILÂNDIA DO NORTE,Amazônia,,,,-8.0938,-51.93791,9.8
2024/09/16 17:47:00,AQUA_M-T,Brasil,PARÁ,SÃO FÉLIX DO XINGU,Amazônia,,,,-8.09107,-52.24831,11.3
2024/09/16 17:47:00,AQUA_M-T,Brasil,PARÁ,OURILÂNDIA DO NORTE,Amazônia,,,,-8.07254,-51.99328,10.4
2024/09/16 17:47:00,AQUA_M-T,Brasil,PARÁ,OURILÂNDIA DO NORTE,Amazônia,,,,-8.07124,-51.9843,8.1
2024/09/16 17:47:00,AQUA_M-T,Brasil,PARÁ,ALTAMIRA,Amazônia,,,,-9.62906,-53.28022,6.2
2024/09/16 17:47:00,AQUA_M-T,Brasil,PARÁ,ALTAMIRA,Amazônia,,,,-9.59605,-53.38861,10.9
2024/09/16 17:47:00,AQUA_M-T,Brasil,PARÁ,ALTAMIRA,Amazônia,,,,-9.5838,-53.36957,9.9
2024/09/16 17:49:00,AQUA_M-T,Brasil,PARÁ,TAILÂNDIA,Amazônia,,,,-3.20725,-48.65309,23.8
2024/09/16 17:49:00,AQUA_M-T,Brasil,PARÁ,TAILÂNDIA,Amazônia,,,,-3.1987,-48.66722,53.3
2024/09/16 17:49:00,AQUA_M-T,Brasil,PARÁ,TAILÂNDIA,Amazônia,,,,-3.19678,-48.65463,10.0
2024/09/16 17:49:00,AQUA_M-T,Brasil,PARÁ,TAILÂNDIA,Amazônia,,,,-2.94478,-48.60797,66.0
2024/09/16 17:49:00,AQUA_M-T,Brasil,PARÁ,IPIXUNA DO PARÁ,Amazônia,,,,-2.64061,-48.03174,57.5
2024/09/16 17:49:00,AQUA_M-T,Brasil,PARÁ,IPIXUNA DO PARÁ,Amazônia,,,,-2.63844,-48.01751,88.9
2024/09/16 17:49:00,AQUA_M-T,Brasil,PARÁ,TOMÉ-AÇU,Amazônia,,,,-2.62953,-48.03336,21.9
2024/09/16 17:49:00,AQUA_M-T,Brasil,PARÁ,RONDON DO PARÁ,Amazônia,,,,-4.23813,-48.63256,23.2
2024/09/16 17:49:00,AQUA_M-T,Brasil,PARÁ,ELDORADO DO CARAJÁS,Amazônia,,,,-6.07855,-49.3497,12.9
2024/09/16 17:49:00,AQUA_M-T,Brasil,PARÁ,ELDORADO DO CARAJÁS,Amazônia,,,,-6.07697,-49.33923,141.0
2024/09/16 17:49:00,AQUA_M-T,Brasil,PARÁ,CURIONÓPOLIS,Amazônia,,,,-5.97701,-49.57859,15.6
2024/09/16 17:49:00,AQUA_M-T,Brasil,PARÁ,MARABÁ,Amazônia,,,,-5.76529,-49.24365,11.0
2024/09/16 17:49:00,AQUA_M-T,Brasil,PARÁ,MARABÁ,Amazônia,,,,-5.75561,-49.24512,8.4
2024/09/16 17:49:00,AQUA_M-T,Brasil,PARÁ,MARABÁ,Amazônia,,,,-5.75246,-49.24036,10.5
2024/09/16 17:49:00,AQUA_M-T,Brasil,PARÁ,MARABÁ,Amazônia,,,,-5.40319,-49.15803,42.6
2024/09/16 17:49:00,AQUA_M-T,Brasil,PARÁ,MARABÁ,Amazônia,,,,-5.25724,-49.28127,12.8
2024/09/16 17:49:00,AQUA_M-T,Brasil,PARÁ,MARABÁ,Amazônia,,,,-5.20253,-49.3283,20.8
2024/09/16 17:49:00,AQUA_M-T,Brasil,PARÁ,NOVA IPIXUNA,Amazônia,,,,-5.11839,-49.29716,180.9
2024/09/16 17:49:00,AQUA_M-T,Brasil,PARÁ,NOVA IPIXUNA,Amazônia,,,,-5.11442,-49.29348,98.8
2024/09/16 17:49:00,AQUA_M-T,Brasil,PARÁ,CURIONÓPOLIS,Amazônia,,,,-6.47698,-49.67241,29.5
2024/09/16 17:49:00,AQUA_M-T,Brasil,PARÁ,CURIONÓPOLIS,Amazônia,,,,-6.47545,-49.6623,12.4
2024/09/16 17:49:00,AQUA_M-T,Brasil,PARÁ,CURIONÓPOLIS,Amazônia,,,,-6.44769,-49.71385,23.4
2024/09/16 17:49:00,AQUA_M-T,Brasil,PARÁ,CURIONÓPOLIS,Amazônia,,,,-6.44028,-49.66393,14.9
2024/09/16 17:49:00,AQUA_M-T,Brasil,PARÁ,CANAÃ DOS CARAJÁS,Amazônia,,,,-6.43831,-49.7151,16.5
2024/09/16 17:49:00,AQUA_M-T,Brasil,PARÁ,CURIONÓPOLIS,Amazônia,,,,-6.43685,-49.70525,13.2
2024/09/16 17:47:00,AQUA_M-T,Brasil,PARÁ,SANTANA DO ARAGUAIA,Amazônia,,,,-9.15565,-49.93465,13.3
2024/09/16 17:47:00,AQUA_M-T,Brasil,PARÁ,CONCEIÇÃO DO ARAGUAIA,Amazônia,,,,-8.64169,-49.52007,44.5
2024/09/16 17:47:00,AQUA_M-T,Brasil,PARÁ,CONCEIÇÃO DO ARAGUAIA,Amazônia,,,,-8.64024,-49.51035,33.3
2024/09/16 17:47:00,AQUA_M-T,Brasil,PARÁ,CONCEIÇÃO DO ARAGUAIA,Amazônia,,,,-8.61596,-49.47424,16.5
2024/09/16 17:47:00,AQUA_M-T,Brasil,PARÁ,CONCEIÇÃO DO ARAGUAIA,Amazônia,,,,-8.59176,-49.62671,9.8
2024/09/16 17:47:00,AQUA_M-T,Brasil,PARÁ,CONCEIÇÃO DO ARAGUAIA,Amazônia,,,,-8.5903,-49.61708,22.6
2024/09/16 17:47:00,AQUA_M-T,Brasil,PARÁ,CONCEIÇÃO DO ARAGUAIA,Amazônia,,,,-8.2156,-49.5806,23.6
